Antecedente,Área,Cliente/Organismo,Servicios,Datos contacto referencia ,Nombre Contacto responsable,Monto contratado,Unidad de Negocio ID,Fecha de final
101SW,Software Servicios.,Municipalidad de Maipú.,Desarrollo web. Servicios web. Desarrollo de software a medida.,aperez@maipu.gob.ar,Alejandro Gomiría,"50,000.00 Pesos",SW-003,2003-12-31
101SW,Redes y comunicaciones. Redes y comunicaciones. Detección Incendios/Corrientes Débiles.,Municipalidad de Guaymallén,Cableado estructurado y eléctrico para edificio de 8 pisos. 450 puestos de datos. Readecuación completa del sistema eléctrico. 500 luminarias nuevas.,0261 153029464,Director de informática: German Montenegro,"1,780,000.00 Pesos",OTR-999,2004-12-31
101SW,Redes y comunicaciones,Patrulleros inteligentes,Instalación sistema CCTV en 350 patrulleros policiales para la provincia de Mendoza.,,,"1,100,000.00 Pesos",OTR-999,2016-12-31
101SW,Redes y comunicaciones. Redes y comunicaciones. Detección Incendios/Corrientes Débiles.,Torre Laureana y Hotel Fuente Mayor,Instalación de sistema de detección de incendio para edifico de 68 departamentos en 15 pisos y para el edificio del hotel de 90 habitaciones en 5 pisos.,,,"1,890,000.00 Pesos",OTR-999,2013-12-31
101SW,Redes y comunicaciones. Redes y comunicaciones. Detección Incendios/Corrientes Débiles.,Cancillería de la República Argentina. Cumbre Mercosur 2017.,"Implementación y soporte para la infraestructura de datos y telefonía empleada en la Cumbre de Presidentes del Mercosur 2017. 600 puestos de datos distribuidos en tres locaciones, 250 terminales de trabajo, 50 centros de impresión operativos para la sala de prensa, 50 puntos de acceso WIFI. Servicios de soporte para la red de datos, voz y WIFI.",,,"3,680,000.00 Pesos",OTR-999,2018-12-31
101SW,Redes y comunicaciones,Hospital Perrupato,Sistemas de Cableado estructurado. Conexiones de fibra óptica.,,,"820,000.00 Pesos",OTR-999,2012-12-31
101SW,Redes y comunicaciones,Hospital Perrupato,Sistema de detección de Incendio para 350 detectores.,,,"730,000.00 Pesos",OTR-999,2012-12-31
101SW,Redes y comunicaciones,Hospital Perrupato,Sistema de telefonía con 240 internos analógicos y 50 internos IP.  Readecuando el sistema antiguo con uno nuevo de última generación.,,,"1,540,000.00 Pesos",OTR-999,2003-12-31
101SW,Redes y comunicaciones,Municipalidad de Guaymallén,"Instalación de central telefónica con 90 internos analógicos y más de 200 internos IP, Call center unificado, sistema de CDR y grabado de llamados. Modalidad comodato.",0261 153029464,Director de informática: German Montenegro,"1,960,000.00 Pesos",OTR-999,2009-12-31
101SW,Redes y comunicaciones,Hotel Fuente Mayor,"Tendido de fibra óptica subterránea, conectividad en guardia y sistema de CCTV.",,,"990,000.00 Pesos",OTR-999,2017-12-31
101SW,Redes y comunicaciones,Aeropuertos Argentina 2000,"Remodelación de Aeropuerto El Plumerillo Etapa I: Implementación de sistemas integrados de Sonido, CCTV, SDI, Datos y Telefonía.",0261 156721863,Andres Varaschin,"1,560,000.00 Pesos",OTR-999,2023-12-31
101SW,Redes y comunicaciones. Detección Incendios/Corrientes Débiles.,Aeropuertos Argentina 2000,"Remodelación de Aeropuerto El Plumerillo Etapa II: Implementación de sistemas integrados de Sonido, SDI, Datos y Telefonía.",0261 156721863,Andres Varaschin,"1,510,000.00 Pesos",OTR-999,2022-12-31
101SW,Redes y comunicaciones,Aeropuertos Argentina 2000,Remodelación de Aeropuerto El Plumerillo Etapa III: Implementación de sistemas de detección de incendios.,0261 156721863,Andres Varaschin,"1,330,000.00 Pesos",OTR-999,2019-12-31
101SW,Redes y comunicaciones. Detección Incendios/Corrientes Débiles.,Aeropuertos Argentina 2000,"Remodelación de Aeropuerto El Plumerillo Etapa IV: Implementación de sistemas de detección de incendios. Parking, edificaciones externas.",0261 156721863,Andres Varaschin,"1,650,000.00 Pesos",OTR-999,2022-12-31
101SW,Redes y comunicaciones,Aeropuertos Argentina 2000,"Nueva Torre de Control Aeropuerto de la Ciudad de Córdoba: Implementación de sistemas integrados de Sonido, SDI, Datos y Telefonía.",0261 156721863,Andres Varaschin,"1,590,000.00 Pesos",OTR-999,2003-12-31
101SW,Redes y comunicaciones,Torre Victoriano Civit,Sistema detección de incendios para torre de 14 pisos.,,,"780,000.00 Pesos",OTR-999,2014-12-31
101SW,Redes y comunicaciones. Redes y comunicaciones. Detección Incendios/Corrientes Débiles.,COPA AMERICA 2012. Estadio Malvinas Argentinas.,"Ingeniería, implementación y puesta en servicio sistema de cableado estructurado y telefonía interna, con 200 puestos de periodistas y 60 puestos en viga de trasmisión. Construcción y armado de Data Center donde se incluyeron los sistemas del estadio y el sistema de CCTV de la policía de Mendoza.",,,"3,260,000.00 Pesos",OTR-999,2009-12-31
101SW,Redes y comunicaciones. Redes y comunicaciones. Detección Incendios/Corrientes Débiles.,Universidad Nacional de Cuyo,"Centro Cultural Universitario – Parque Central: Implementación de sistemas integrados de Datos, Telefonía, Alarmas de Incendio e Intrusión y Sistema de CCTV.",,,"1,870,000.00 Pesos",OTR-999,2006-12-31
101SW,Redes y comunicaciones,Municipalidad de San Martin,Tendido de fibra óptica aéreo de 6.5 KM para conectar el municipio con el centro de congresos y exposiciones.,0261 156188973,"Director de informática:
 Ignacio Jalif","1,380,000.00 Pesos",OTR-999,2003-12-31
101SW,Redes y comunicaciones,AFIP,Provisión e Instalación de Sistema de CCTV de 38 Cámaras y Sistema Detección de Incendios en 130 puntos.,0261 155168132,Cecilia Mendoza,"1,100,000.00 Pesos",OTR-999,2021-12-31
101SW,Redes y comunicaciones,Bodega Domaine Bousquet,Servicio de soporte de equipamiento informático y sistemas de gestión.,,,"950,000.00 Pesos",OTR-999,2015-12-31
101SW,Redes y comunicaciones,Bodega Domaine Bousquet,Provisión e Instalación de un Sistema CCTV de 12 cámaras.,,,"820,000.00 Pesos",OTR-999,2015-12-31
101SW,Redes y comunicaciones,Bodega Domaine Bousquet,"Proyecto e implementación de sistema de datos, telefonía, control de acceso y detección de incendios para oficinas.",,,"1,400,000.00 Pesos",OTR-999,2022-12-31
101SW,Redes y comunicaciones,Quilmes,"Servicio de mantenimiento preventivo de sistemas de CCTV, sistema de detección de incendios, cableado estructurado e industrial.",,,"1,370,000.00 Pesos",OTR-999,2020-12-31
101SW,Detección Incendios/Corrientes Débiles,Acequia TV,Sistema de detección de Incendios para estudio de televisión.,,,"740,000.00 Pesos",OTR-999,2013-12-31
101SW,Redes y comunicaciones,José Nuecete & Hijos,Servicio de soporte de equipamiento informático y sistemas de gestión.,,,"970,000.00 Pesos",OTR-999,2017-12-31
101SW,Redes y comunicaciones,Alquimaq,Servicio de soporte y provisión de equipamiento informático y telecomunicaciones para obradores.,,,"1,060,000.00 Pesos",OTR-999,2015-12-31
101SW,Redes y comunicaciones,Supermercados Aiello,Servicio de soporte y provisión de equipamiento informático y telecomunicaciones para sucursales provincia de San Luis.,,,"1,410,000.00 Pesos",OTR-999,2020-12-31
101SW,Redes y comunicaciones,Cámara de Comercio de San Martin,Servicio de soporte de equipamiento informático y sistemas.,,,"930,000.00 Pesos",OTR-999,2016-12-31
101SW,Redes y comunicaciones,Universidad Maza,Sistema de Detección de Incendios para edificio Universitario.,,,"800,000.00 Pesos",OTR-999,2012-12-31
101SW,Redes y comunicaciones,Municipalidad de San Martin,"Tendido de fibra óptica aéreo para conectar dependencias externas, 5 en total con un recorrido total de 5km.",0261 156188973,"Director de informática:
 Ignacio Jalif","1,370,000.00 Pesos",OTR-999,2002-12-31
101SW,Detección Incendios/Corrientes Débiles,Quilmes,"Vuelco de Cableados estructurados y tendidos de fibra óptica a nuevas posiciones, desmontaje y montaje de Data Center.",,,"1,270,000.00 Pesos",OTR-999,2021-12-31
101SW,Redes y comunicaciones,Gas Andes,"Desarrollo, ingeniería y telecomunicaciones para red de servicios de voz y datos del gasoducto de Gas Andes.",,,"1,190,000.00 Pesos",OTR-999,2021-12-31
101SW,Redes y comunicaciones,ISI Solutions,"Desarrollo, ingeniería y telecomunicaciones para red de servicios de voz y datos del gasoducto PLNG.",,,"1,150,000.00 Pesos",OTR-999,2019-12-31
101SW,Redes y comunicaciones,Telecom,"Expansión de Sitos 2G, 3G, 4G",,,"390,000.00 Pesos",OTR-999,2009-12-31
101SW,Redes y comunicaciones,Telecom,SWAP-Ericsson,,,"220,000.00 Pesos",OTR-999,2004-12-31
101SW,Redes y comunicaciones,Telecom,Mercado masivo y dedicado,,,"340,000.00 Pesos",OTR-999,2007-12-31
101SW,Redes y comunicaciones,TELECOM,"Expansión de Sitios en 2G años 2011 y 2012, zonas de Mendoza, San juan y Córdoba",,,"960,000.00 Pesos",OTR-999,2020-12-31
101SW,Redes y comunicaciones,EMEPA,Montaje e Instalación de Equipamiento Embarcado en 9 Locomotoras,,,"710,000.00 Pesos",OTR-999,2012-12-31
101SW,Redes y comunicaciones,Internet Córdoba,Ingeniería de NOC para servicios de internet y telefonía IP,,,"770,000.00 Pesos",OTR-999,2014-12-31
101SW,Redes y comunicaciones,JM Soluciones,Ingeniería de NOC para servicios de internet,,,"590,000.00 Pesos",OTR-999,2011-12-31
101SW,Redes y comunicaciones,Cooperativa de Alto Verde,Proyecto de mejora para NOC,,,"540,000.00 Pesos",OTR-999,2011-12-31
101SW,Redes y comunicaciones,Supermercados Aiello,Ingeniería e implementación de radio enlaces entre sucursales en ciudad de San Luis.,,,"1,060,000.00 Pesos",OTR-999,2017-12-31
101SW,Redes y comunicaciones,Motos Keller,"Ingeniería e implementación de red VPN entre sucursales de Rosario, Córdoba, San Luis, Neuquén",,,"1,080,000.00 Pesos",OTR-999,2018-12-31
101SW,Redes y comunicaciones,ISI Solutions,"Desarrollo, ingeniería y telecomunicaciones para red de servicios de voz y datos de las plantas compresoras de gas Tio Pujio, Leones y Candelarias, Prov de Córdoba.",,,"1,790,000.00 Pesos",OTR-999,2008-12-31
101SW,Redes y comunicaciones,Ministerio de Deportes. Gobierno de Mendoza.,"Ingeniería, implementación y puesta en servicio de red de cableado estructurado en áreas de edificio principal de Estadio Malvinas Argentinas",,,"1,650,000.00 Pesos",OTR-999,2003-12-31
101SW,Redes y comunicaciones,TELECOM/BTW S.A.,Implementación de enlaces de radio y distribución de servicios para 40 puntos para de proyecto WIFI Mendoza,,,"1,160,000.00 Pesos",OTR-999,2021-12-31
101SW,Redes y comunicaciones,Bodega Domaine Bousquet,Proyecto e Implementación de Data Center en Bodega,,,"750,000.00 Pesos",OTR-999,2013-12-31
101SW,Redes y comunicaciones,Inspección de Causes asociadas de San Martín,Integración de mediciones de caudal en sistema de riego. Refuncionalización de PLC de hoja partidora Canal Matriz San Martín.,,,"1,840,000.00 Pesos",OTR-999,2008-12-31
101SW,Redes y comunicaciones,Indyca SRL,Sistema de telecontrol para estaciones de Bombeo en ciudad de Merlo.,,,"800,000.00 Pesos",OTR-999,2015-12-31
101SW,Redes y comunicaciones,Servicios y Consultoría S.A,Implementación de enlace de Fibra óptica en Oficinas de Maipú y San Martín.,,,"1,040,000.00 Pesos",OTR-999,2019-12-31
101SW,Redes y comunicaciones,Municipalidad de Maipú,Implementación de radio enlace Municipio de Maipú.,,,"830,000.00 Pesos",OTR-999,2013-12-31
101SW,Redes y comunicaciones,Inversora PASIP,Ingeniería de Data Center y Telecomunicaciones para Parque Pasip – Palmira,,,"910,000.00 Pesos",OTR-999,2015-12-31
101SW,Software a medida.,CNN,Desarrollo de test online sobre web para la Beca Turner para CNN en Español,,,"800,000.00 Pesos",OTR-999,2017-12-31
101SW,Software a medida.,Gobierno de Mendoza,"Sitio del gobierno de Mendoza (www.mendoza.gov.ar). Sitios de Servicios, noticias, Ministerios, Micrositios, Buscador, API de trámites, Directorio de contactos, perfiles de usuario. Capacitación a usuarios. Mantenimiento.",,,"2,430,000.00 Pesos",OTR-999,2009-12-31
101SW,Software a medida.,Sandra Marzzan,"Sistema de gestión de ventas para red de distribuidores, API de datos para frente web. Diseño, desarrollo y mantenimiento web. Desarrollo y mantenimiento sistema de ventas.",,,"1,880,000.00 Pesos",OTR-999,2008-12-31
101SW,Software a medida.,Vinoteca Ligier,Plataforma de venta de vinos para todo el país.,,,"640,000.00 Pesos",OTR-999,2013-12-31
101SW,Software a medida.,Supermercados mayoristas VITAL,Plataforma de comunicación institucional y sitio de ofertas,,,"920,000.00 Pesos",OTR-999,2013-12-31
101SW,Software a medida.,Banco Credicoop,Red social para emprendedores socios del banco ‘Emprendedor XXI’,,,"810,000.00 Pesos",OTR-999,2013-12-31
101SW,Software a medida.,Conicet,Software para la gestión de turnos de activos científicos,,,"660,000.00 Pesos",OTR-999,2012-12-31
101SW,Software a medida.,Teatro Cervantes,"Diseño, desarrollo y mantenimiento sitio web.",,,"630,000.00 Pesos",OTR-999,2010-12-31
101SW,Software a medida.,Distrocuyo,Gestor de contenidos y documentos para su plataforma de gestión de ingeniería.,,,"900,000.00 Pesos",OTR-999,2015-12-31
101SW,Software a medida.,Fondo Vitivinícola Mendoza,"Sitio web para la campaña del Vino Argentino, Un Buen Vino. Desarrollo de puntos georeferenciados para el Mapa del Vino Argentino.",,,"1,580,000.00 Pesos",OTR-999,2004-12-31
101SW,Software a medida.,Verde Pimienta (España,"Comercio electrónico para empresa de venta de ramos y arreglos florales en Madrid, España",,,"1,140,000.00 Pesos",OTR-999,2019-12-31
101SW,Software a medida.,San Justo Shopping,"Desarrollo, promoción y gestión de sitio web para Shopping San Justo en San Justo, PBA,",,,"1,080,000.00 Pesos",OTR-999,2020-12-31
101SW,Software a medida.,Esquina Carlos Gardel,"Web multiidioma, venta de entradas, y promoción de espectáculos de tango.",,,"960,000.00 Pesos",OTR-999,2016-12-31
101SW,Software a medida.,Pacha Collection (EEUU),"Plataforma de comercio electrónico , gestión y logística para sus productos",,,"1,000,000.00 Pesos",OTR-999,2016-12-31
101SW,Software a medida.,800-Bear (EEUU),"Plataforma de comercio electrónico, logística, diseño y precios para empresa de regalos empresariales",,,"1,180,000.00 Pesos",OTR-999,2017-12-31
101SW,Software a medida.,Inspecciones de Causes Asociadas de San Martín,"Sistema de Gestión de Turnos de riego, expedientes, mesa de entradas",,,"1,170,000.00 Pesos",OTR-999,2020-12-31
101SW,Software a medida.,Inspección Montecaseros,Sistema de Gestión de Turnos de riego,,,"620,000.00 Pesos",OTR-999,2011-12-31
101SW,Software a medida.,ISI Solutions,Plataforma de documentación y gestión de proyectos de ingeniería,,,"790,000.00 Pesos",OTR-999,2013-12-31
101SW,Redes y comunicaciones,JM Soluciones,", Ingeniería de NOC para servicios de internet",,,"590,000.00 Pesos",OTR-999,2011-12-31
101SW,Redes y comunicaciones,Supermercados Aiello (San Luis),Ingeniería e implementación de radio enlaces entre sucursales en ciudad de San Luis.,,,"1,170,000.00 Pesos",OTR-999,2019-12-31
101SW,Redes y comunicaciones,Bodega Domaine Bousquet,Provisión e Instalación de un Sistema CCTV de 12 cámaras,,,"810,000.00 Pesos",OTR-999,2015-12-31
101SW,Redes y comunicaciones,Bodega Domaine Bousquet,"Proyecto e implementación de sistema de datos, telefonía, control de acceso y detección de incendios para oficinas",,,"1,390,000.00 Pesos",OTR-999,2022-12-31
101SW,Redes y comunicaciones,Gas Andes,"Desarrollo, ingeniería y telecomunicaciones para red de servicios de voz y datos del gasoducto de Gas Andes",,,"1,180,000.00 Pesos",OTR-999,2021-12-31
101SW,Redes y comunicaciones,AFIP,Sede 1 (Mendoza): Provisión e Instalación de Sistema de CCTV de 38 Cámaras y Sistema de detección de incendio en 130 puntos,0261 155168132,Cecilia Mendoza,"1,290,000.00 Pesos",OTR-999,2003-12-31
101SW,Redes y comunicaciones,Inversora PASIP,Ingeniería en telecomunicaciones para proyecto de parque industrial en Palmira,,,"950,000.00 Pesos",OTR-999,2014-12-31
101SW,Redes y comunicaciones,ISI Solutions,"Desarrollo, ingeniería y telecomunicaciones para red de servicios de voz y datos del gasoducto PLNG",,,"1,140,000.00 Pesos",OTR-999,2019-12-31
101SW,Redes y comunicaciones,COPA AMERICA 2012. Estadio Malvinas Argentinas.,"Ingeniería, implementación y puesta en servicio de red de Fibra óptica. Sistema de cableado estructurado en áreas de edificio principal de Estadio Malvinas Argentinas",,,"1,860,000.00 Pesos",OTR-999,2006-12-31
101SW,Redes y comunicaciones,COPA AMERICA 2012. Estadio Malvinas Argentinas.,"Ingeniería, implementación y puesta en servicio de SDI en Data Center de Estadio Malvinas Argentinas",,,"1,200,000.00 Pesos",OTR-999,2019-12-31
101SW,Detección Incendios/Corrientes Débiles,Universidad Maza,SDI para edificio Universitario,,,"500,000.00 Pesos",OTR-999,2009-12-31
101SW,Detección Incendios/Corrientes Débiles,Estudio Acequia TV,Estudio Acequia TV - SDI para estudio de televisión,,,"510,000.00 Pesos",OTR-999,2011-12-31
101SW,Redes y comunicaciones. Detección Incendios/Corrientes Débiles.,Procon SRL,"Remodelación de Aeropuerto El Plumerillo Etapa I: Implementación de sistemas integrados de Sonido, CCTV, SDI, Datos y Telefonía.",0263 154410761,Octavio Garcia,"1,400,000.00 Pesos",OTR-999,2022-12-31
101SW,Redes y comunicaciones. Detección Incendios/Corrientes Débiles.,Procon SRL,"Remodelación de Aeropuerto El Plumerillo Etapa II: Implementación de sistemas integrados de Sonido, SDI, Datos y Telefonía.",0263 154410761,Octavio Garcia,"1,350,000.00 Pesos",OTR-999,2021-12-31
101SW,Redes y comunicaciones. Detección Incendios/Corrientes Débiles.,Procon SRL,Remodelación de Aeropuerto El Plumerillo Etapa III: Implementación de sistemas de detección de incendios.,0263 154410761,Octavio Garcia,"1,170,000.00 Pesos",OTR-999,2018-12-31
101SW,Redes y comunicaciones. Detección Incendios/Corrientes Débiles.,Procon SRL,"Nueva Torre de Control Aeropuerto de la Ciudad de Córdoba: Implementación de sistemas integrados de Sonido, SDI, Datos y Telefonía.",0263 154410761,Octavio Garcia,"1,430,000.00 Pesos",OTR-999,2002-12-31
101SW,Redes y comunicaciones. Detección Incendios/Corrientes Débiles.,Procon SRL,"Centro Cultural Universitario – Parque Central: Implementación de sistemas integrados de Datos, Telefonía, Alarmas de Incendio e Intrusión y Sistema de CCTV.",0263 154410761,Octavio Garcia,"1,690,000.00 Pesos",OTR-999,2004-12-31
101SW,Redes y comunicaciones. Detección Incendios/Corrientes Débiles.,ISI Solutions,Desarrollo de plataforma de documentación y gestión de proyectos de ingeniería,,,"930,000.00 Pesos",OTR-999,2015-12-31
101SW,Software a medida.,Bodega Domaine Bousquet,"Desarrollo de software de trazabilidad para alimentos, para certificación de alimentos orgánicos.",,,"1,220,000.00 Pesos",OTR-999,2017-12-31
101SW,Software a medida.,Centro Viñateros y Bodegueros del Este,Desarrollo de pagina web institucional,,,"810,000.00 Pesos",OTR-999,2014-12-31
101SW,Software a medida.,Inspección de cauces asociadas de San Martin,Desarrollo de página web institucional,,,"840,000.00 Pesos",OTR-999,2014-12-31
101SW,Software a medida.,Gobierno de Mendoza,Nuevo Portal Web del Gobierno de la provincia de Mendoza. (www.mendoza.gov.ar),,,"780,000.00 Pesos",OTR-999,2013-12-31
102SW,Software a medida.,Suprema Corte de Justicia. Poder Judicial Mendoza.,"Nuevo portal web de la suprema de justicia (wwwjusmendoza.gob.ar) Servicios web de validación de usuarios, certificación Blockchain de documentos (sello de tiempo), servicios web API internos, chatbot vinculado a servicios web internos.","Corte Suprema de Justicia. Dalmiro Garay (Presidente de la Corte Suprema). Mariano Cano, jefe de sistemas de la Corte Suprema.",,1500000 Pesos,Licitación Pública ganada por ULTIMA MILLA.,01/01/2019
103SW,Software a medida.,Departamento General de Irrigación/Banco Interamericano de Desarrollo (BID),Desarrollo de software de gestión de turnos de riego para todos los padrones regantes vinculados al DPI.,Departamento General de Irrigación,,500000 Pesos,Licitación Pública ganada por ULTIMA MILLA.,01/01/2011
104SW,Software a medida.,Ministerio de Ambiente de la Nación. Administración de Parques Nacionales.,APP de altas de visitas para los parques nacionales argentinos. ,APN,,3800000 PEsos,Licitación Pública ganada por ULTIMA MILLA.,01/01/2023
PRO-ITS-1452,Soporte IT,Procon SRL,Servicio de Soporte IT Nivel 1 en oficinas de Procon SRL,,," $450.528,00",ITS,26/4/2018
HEA-ITS-1458,Soporte IT,Headcomm S.A,Servicio de soporte técnico para evento Rugby - Champioship,,," $31.500,00",ITS,3/10/2017
UNC-ITS-1459,Soporte IT,Universidad Nacional de Cuyo,Soporte Técnico Sistema de CCTV,,," $2.646,80",ITS,3/10/2017
ALT-ITO-1462,CCTV,Altamira,Instalación de cámaras Bosch,,,"usd9.859,00",ITO,9/10/2017
ASE-ITO-1465,Redes de Cableado Estructurado,Aseguradores de Cauciones S.A.,Oficinas Aseguradores de Cauciones S.A.,,," $79.124,03",ITO,11/10/2017
PJN-ITS-1466,Soporte IT,Poder Judicial de la Nación,Mantenimiento de SDI,,," $79.009,83",ITS,18/10/2017
QUI-ITO-1467,CCTV,CERVECERIA Y MALTERIA QUILMES,Sistema de CCTV,0261 156731825,Ricardo Secoti," $397.784,97",ITO,24/10/2017
DEP-ITO-1469,Telefonía,Secretaria de Deporte,Actualización de licencia Denwa - Estadio Malvinas,,," $16.072,10",ITO,24/10/2017
TRA-ITO-1471,SDI,Tratagua SA,Acondicionamiento de válvulas y vinculación al sistema de detección de incendio,,," $10.467,00",ITO,25/10/2017
DGI-ITO-1474,Redes de Cableado Estructurado,Departamento General de Irrigación,"cableado 380 puestos de trabajo, hay que hacer visita técnica",,," $2.028.295,00",ITO,6/11/2017
CAR-ITO-1479,SDI,Bodega Caro,Pulsadores Manuales SDI,,," $3.607,00",ITO,17/11/2017
NUC-ITS-1484,Telefonía,Jose Nucete e Hijos SA,Comodato de Central Denwa + Gateway 8 FXO + Gateway 24FXS,0261 153431074,Pablo Vela," $42.808,62",ITS,5/12/2017
PER-ITS-1488,Soporte IT,Hospital A Italo Perrupato,Asistencia Técnica,,," $2.602,00",ITS,27/12/2017
PER-ITS-1491,SDI,Hospital A Italo Perrupato,Instalación de detectores de humo,,," $29.651,04",ITO,9/1/2018
PRO-ITO-1498,Corrientes debiles,Procon SRL,Edificio Calle Mitre,,," $696.140,06",ITO,30/1/2018
GOB-ITO-1499,Soporte IT,Gobierno de la Provincia de Mendoza,Encuentro BID,,," $3.026.780,25",ITS,9/2/2018
OLI-ITO-1503,CCTV,MILLAN SA (LAUR OLIVICOLA),Sistema de CCTV,,," $43.872,00",ITO,26/2/2018
MGC-ITO-1506,Redes de Cableado Estructurado,Municipalidad de godoy Cruz,cableado para 20 puestos,,," $139.609,25",ITO,12/3/2018
AMM-ITO-1515,Redes de Cableado Estructurado,Andrea Molina,Cableado de datos 4 puesto + router,,," $11.947,00",ITO,6/4/2018
QUI-ITO-1467,Electrico,CERVECERIA Y MALTERIA QUILMES,Reparacion de bridas transformador:,0261 156731825,Ricardo Secoti," $31.543,86",ITO,6/4/2018
UDA-ITO-1518,SDI,Univercidad del Aconcagua,Catamarca 147,,,"usd30.908,27",ITO,10/4/2018
PRO-ITO-1521,SDI,Procon SRL,"Sistema de detección de incendio para el autodromo de san juan ""El villicum"" Zona de Boxes y edificios externos",,," $2.653.977,00",ITO,17/4/2018
UCO-ITO-1527,Redes de Cableado Estructurado,CONSTRUCCIONES ELECTROMECANICAS DEL OESTE S.A. - OHA CONSTRUCCIONES S.,Obrador Carcel Federal,,," $8.189,00",ITO,25/4/2018
TCS-ITO-1528,Redes de Cableado Estructurado,TRIUNFO COOPERATIVA DE SEGUROS LIMITADA,TRIUNFO SEGUROS - ACCESO NORTE - DOC. PARA PRESUPUESTO DE DATOS.,2614 54-5652,Eduardo Enriz,"usd129.153,00",ITO,11/5/2018
UCO-ITO-1529,Redes de Cableado Estructurado,CONSTRUCCIONES ELECTROMECANICAS DEL OESTE S.A. - OHA CONSTRUCCIONES S.,CONEXIÓN OBRADORES CON WIFI,,," $3.997,00",ITO,4/5/2018
PRO-COM-1530,Proyectos de Telecomunicaciones,Procon SRL,Ingenieria de corrientes debiles del hospital,,," $100.565,00",COM,7/5/2018
MMF-ITO-1531,SDI,Martinez Mauro Fernando,Instalación de Detectores de Humo - Avianca Aeropuerto,,,"usd1.522,00",ITO,8/5/2018
QUI-ITO-1532,Electrico,CERVECERIA Y MALTERIA QUILMES,mantenimiento en seco de trafo general,0261 156731825,Ricardo Secoti," $55.247,00",ITO,3/5/2018
ALT-ITO-1546,CCTV,Altamira,Provisión de Camaras de CCTV,,,"usd4.485,00",ITO,10/6/2018
MIN-ITO-1553,Redes de Cableado Estructurado,MINISTERIO DE SEGURIDAD,Cableado Estructurado,,," $619.575,62",ITO,3/9/2018
PER-ITS-1555,Telefonía,Hospital A Italo Perrupato,Licencia para central Denwa Premium - Hospital Perrupato,,," $13.813,33",ITO,11/6/2018
CEL-ITO-1557,Soporte IT,Cela SA,"Servicios para conectividad en eventos
 Costos por puesto simple, con y sin electricidad
 Costos por persona conectada al wifi",,," $24.779,00",ITO,1/6/2018
TCS-ITO-1559,Redes de Cableado Estructurado,TRIUNFO COOPERATIVA DE SEGUROS LIMITADA,Provisión de Sistema de UPS para Data Center y puestos de datos,2614 54-5652,Eduardo Enriz,"usd42.638,00",ITO,18/6/2018
UCW-ITO-1569,SDI,UTE - CANANDES S.A­ WINDWEST S.A,CENTRO DE SALUD No 226 -SDI,,," $477.438,00",ITO,24/8/2018
KRI-ITO-1570,SDI,Kristich Desarrollos,"Adicional para presupuestar a Kristich
 6 módulos de rele FRM-1
 4 módulos de monitoreo FMM-101",,,"usd1.092,62",ITO,20/12/2018
TCS-ITO-1573,Redes de Cableado Estructurado,TRIUNFO COOPERATIVA DE SEGUROS LIMITADA,Activos de Red - Triunfo Seguro,2614 54-5652,Eduardo Enriz,"usd145.169,00",ITO,14/8/2018
UDA-ITO-1578,SDI,Univercidad del Aconcagua,Edificio calle la valle,,,"usd1.956,00",ITO,12/7/2018
UDA-ITO-1581,SDI,Univercidad del Aconcagua,"provisión de materiales
 9 Detectores de Humo
 1 sirena
 2 Pulsadores
 2 Detectores de temperatura",,,"usd2.185,85",ITO,18/7/2018
GAR-OSO-1582,Insumo informatico,Garay,7 pcs con monitor,,,"usd3.332,00",OSO,24/7/2018
UDA-ITO-1583,SDI,Univercidad del Aconcagua,"edificio catamarca 147 22 detectores , 3 sirenas y 5 pulsadores",,,"usd4.750,55",ITO,20/8/2018
TCS-ITO-1585,Redes de Cableado Estructurado,TRIUNFO COOPERATIVA DE SEGUROS LIMITADA,Servidor para Control Point,2614 54-5652,Eduardo Enriz,"usd2.598,00",ITO,29/10/2018
PJU-ITO-1586,Redes de Cableado Estructurado,poder judicial mendoza,Cableado Estructurado,,," $324.504,22",ITO,01/10/2018
HEA-ITS-1589,Soporte IT,Headcomm S.A,Evento de los pumas,,," $45.000,00",ITS,23/8/2018
LAG-ITO-1591,Redes de Cableado Estructurado,La Agrícola SA,"Cableado exterior por postes
 - 3 tendidos nuevos/ 4
 - 1 a recuperar si es posible
 - switch 16b (150W) ubiquiti}
 1 bandeja fija si no hay switch para contener las fuentes",,," $31.915,00",ITO,17/09/2018
TCS-ITO-1593,Porteria,TRIUNFO COOPERATIVA DE SEGUROS LIMITADA,Sistema de Portero,2614 54-5652,Eduardo Enriz,"usd2.756,00",ITO,10/9/2018
PLU-ITO-1601,Corrientes debiles,PROCON S.R.L. - LAUGERO CONSTRUCCIONES S.A. - UNION TRANSITORIA,CD - Hospital Schestakow,,," $12.927.049,00",ITO,17/12/2018
PRO-ITO-1605,CCTV,Procon SRL,Cctv y alarma de instrucción para Adriano Fravega,,," $50.988,43",ITO,8/10/2018
IFX-ITO-1606,Fibra Óptica,IFX NETWORKS ARGENTINA SRL,MONTAJE DE FIBRA ÓPTICA EN QUILMES.,,," $45.080,00",ITO,1/10/2018
CEL-ITO-1607,Soporte IT,Cela SA,presupuesto nuevo evento sheraton Fecha de Evento:18 al 21 de Octubre ambos días incluidos,,," $27.326,45",ITS,15/10/2018
UCW-ITO-1608,SDI,UTE - CANANDES S.A­ WINDWEST S.A,Adicional detectores de Humo y Gas - Centro de Salud,,,"usd1.443,74",ITO,19/9/2018
TCS-ITO-1615,Redes de Cableado Estructurado,TRIUNFO COOPERATIVA DE SEGUROS LIMITADA,"Sistema de Videowall - 4 televisores de 55""",2614 54-5652,Eduardo Enriz,"usd13.016,00",ITO,22/10/2018
DGI-ITO-1618,Redes de Cableado Estructurado,Departamento General de Irrigación,Provisión de periscopio 6 módulos,,," $7.528,00",ITO,26/11/2018
HEC-ITO-1620,Fibra Óptica,Hotel Entre Cielos,"Se debe cotizar 2 fusiónes de fibra óptica de 4 pelos multimodo 4x62,5 mas
 la colocación de 2 cajas ots estanca exterior",,,"usd587,00",ITO,16/11/2018
GUY-ITO-1622,Redes de Cableado Estructurado,Municipalidad de Guaymallén,cableado Guaymallen 450K,0261 153029464,Director de informática: German Montenegro," $271.938,66",ITO,5/11/2018
CEL-ITO-1638,Soporte IT,Cela SA,evento 50 personas viernes 2 de noviembre 1 ap 1 dia de soporte de 14 a 21 hrs,,," $9.889,64",ITS,31/10/2018
GUY-ITS-1640,Telefonía,Municipalidad de Guaymallén,CONTRATACIÓN DEL ALQUILER DE LA CENTRAL TELEFÓNICA,0261 153029464,Director de informática: German Montenegro," $1.107.268,38",ITS,30/11/2018
NUC-ITS-1641,Telefonía,Jose Nucete e Hijos SA,Alquiler de central telefonica,0261 153431074,Pablo Vela," $55.644,00",ITS,30/11/2018
LEO-OSO-1642,CCTV,Leoncio Arizu,"Cotizar a nombre de ARIZU
 1) 3 / tres Cámara de 3MP del tipo Bullet (IP y POE).
 con su respectivo transformador debe ser de la marca “Dahua”
 2) 1 / una Cámara ojo de pez de 2-3MP (IP y POE). con su respectivo transformador
 debe ser de la marca “Dahua”.
 3) 1 / unNVR de 32 canales.
 con su respectivo transformador debe ser de la marca “Dahua”.Con la mayor cantidad de bahías para discos
 4) 2 / dos
 Disco rígido de 4Tb. específicos para NVR",,,"usd1.054,10",ITO,17/12/2018
QUI-ITO-1642,Electrico,CERVECERIA Y MALTERIA QUILMES,"En Quilmes hay que cotizar el tendido de un cable de 3x70 +1x50 n desde la acometida en la vereda hasta la sala de bombeo que esta aproximadamente a 140 mtrs este tendido se hace por bandejas existentes por lo que solo hay que tener en cuenta como consumibles precintos ... los trabajos son la mayoría en altura y con andamios y escaleras y mucho sobre techos,la cantidad de días que se calculan para este trabajo son 10 aprox
 Por otro lado y en una oferta por separado hay que cotizar el cableado de el generador al mismo tablero en la sala de bombeo, para este cableado se necesitan aprox 80 mts del mismo cable ya mencionado y el trabajo es similar pero en menor cantidad de metros, se calculan 7 dias de trabajo
 En todos los casos son 3 personas (dos técnicos mas seguridad e higiene)",0261 156731825,Ricardo Secoti," $252.014,00",ITO,27/12/2018
CEL-ITO-1653,SDI,Cela SA,cotizar 5 días de mano de obra para sdi hotel sheraton,,," $52.585,00",ITO,17/12/2018
TCS-ITO-1656,Redes de Cableado Estructurado,TRIUNFO COOPERATIVA DE SEGUROS LIMITADA,Adicionales Triunfo Seguro,2614 54-5652,Eduardo Enriz,"usd7.088,00",ITO,31/1/2019
GUY-ITO-1657,Redes de Cableado Estructurado,Municipalidad de Guaymallén,"30 puestos en 2 oficinas
 10 puestos en Call center
 20 puestos en Dirección de Control
 conexión de FO desde el 3 piso
 El trabajo se realizará con Cable canal 100*50 a 60 cm del piso
 se debe tomar la electricidad del tablero en el pasillo y hacer un nuevo tablero para las PC
 Rack y activos responsabilidad del municipio
 50 mts de cable canal",0261 153029464,Director de informática: German Montenegro," $1.196.716,50",ITO,17/12/2018
AA2-ITS-1667,SDI,Aeropuertos Argentina 2000,Servicio de Mantenimiento del sistema de detección de incendio - Aeropuerto de Mendoza,0261 156721863,Andres Varaschin," $391.922,53",ITS,31/5/2019
CEL-ITO-1674,SDI,Cela SA,actualizar presupuesto por una semana de trabajo en sdi para terminar con los errores de la central ( para no perder el servicio el precio tendría que ser el mismo ),,," $52.581,33",ITO,25/2/2019
AA2-ITS-1679,CCTV,Aeropuertos Argentina 2000,Servicio de Mantenimiento del sistema de CCTV - Aeropuerto de Mendoza,0261 156721863,Andres Varaschin," $527.393,62",ITS,31/5/2019
PRO-ITO-1683,CCTV,Procon SRL,3 cámaras de CCTV - Edificio Mitre,,," $43.065,00",ITO,14/2/2019
DEP-ITO-1685,Redes de Cableado Estructurado,Secretaria de Deporte,Adecuación de red de datos - Estadio Malvinas,,," $196.333,20",ITO,1/3/2019
TCS-ITO-1690,Redes de Cableado Estructurado,TRIUNFO COOPERATIVA DE SEGUROS LIMITADA,adicional - cableado de datos y AP,2614 54-5652,Eduardo Enriz,"usd11.815,00",ITO,15/2/2019
LEC-ITO-1699,CCTV,Finca Lecumberri SRL,2 cámaras de CCTV analógicas,,," $10.015,00",ITO,6/3/2019
DSM-OSO-1701,Insumo informatico,"Ministerio de Desarrollo Social, Salud y Deportes del Gobierno de MZA",Activos de red,,," $48.958,07",OSO,8/4/2019
PJU-ITO-1704,Redes de Cableado Estructurado,poder judicial mendoza,DCYF TRAMITA LICITACION PUBLICA PARA EL CABLEADO DE DATOS Y ENERGIA ELECTRICA EN EL CENTRO CIVICO DE LUJAN DE CUYO-JUZG DE FAMILIA,,," $139.764,70",ITO,19/3/2019
CEL-ITO-1709,SDI,Cela SA,RESUPUESTO POR MANTENIMIENTO ANUAL PARA SDI A REALIZAR EN MARZO JUNIO SEPTIEMBRE Y DICIEMBRE 5 DIAS POR CADA UNO CON DOS TÉCNICOS,,," $170.356,00",ITO,29/4/2019
CEL-ITO-1710,SDI,Cela SA,reparación amplificadores,,," $14.498,00",ITO,15/4/2019
AFP-ITO-1713,SDI,AFIP,"Sistema de Detección de Incendio sede de San Martin, San Rafael, San Luis y Ciudad",0261 155168132,Cecilia Mendoza," $7.446.125,00",ITO,11/11/2019
CEL-ITO-1716,Soporte IT,Cela SA,evento para 200 personas mas dos puestos fijos con soporte por 4 dias desde el 9 de abril con horarios de 15 a 23 aprox,,," $22.349,00",ITS,29/4/2019
PRO-ITO-1719,Porteria,Procon SRL,Ampliación del sistema de portería para edificio Mitre con pulsadores,,,"usd2.095,61",ITO,31/7/2019
TCS-ITO-1725,Redes de Cableado Estructurado,TRIUNFO COOPERATIVA DE SEGUROS LIMITADA,provisión e instalación de Relojes Biometrico,2614 54-5652,Eduardo Enriz,"usd1.080,00",ITO,22/4/2019
GUY-ITO-1727,Electrico,Municipalidad de Guaymallén,Reubicacion de tablero Eléctrico de aire acondicionados,0261 153029464,Director de informática: German Montenegro," $43.992,88",ITO,31/5/2019
GUY-ITO-1728,Redes de Cableado Estructurado,Municipalidad de Guaymallén,Piso técnico para Data Center,0261 153029464,Director de informática: German Montenegro," $115.251,99",ITO,27/5/2019
GAM-ITO-1729,SDI,Gamas,Sistema de detección de incendios,,,"usd612,00",ITO,30/4/2019
KRI-ITO-1734,Corrientes debiles,Kristich Desarrollos,Ingeniería Torres calle Pedro J. Godoy,,," $43.266,00",ITO,24/6/2019
CAR-ITO-1736,SDI,Bodega Caro,Reparación de central de detección de incendio,,," $21.363,35",ITO,27/5/2019
PLU-ITO-1738,Redes de Cableado Estructurado,PROCON S.R.L. - LAUGERO CONSTRUCCIONES S.A. - UNION TRANSITORIA,Llamadores para enfermería - Hospital Schestakow,,," $137.155,00",ITO,30/9/2019
CAR-ITO-1739,SDI,Bodega Caro,"SERVICIO DE MANTENIMIENTO INTEGRAL, PREVENTIVO Y CORRECTIVO DE UN SISTEMA DE DETECCIÓN",,," $183.593,80",ITO,31/5/2019
OLI-ITO-1741,CCTV,MILLAN SA (LAUR OLIVICOLA),presupuesto por un día dos técnicos para revisión de cámaras fuera de servicio,,," $6.709,24",ITO,31/5/2019
PER-ITS-1743,SDI,Hospital A Italo Perrupato,Asistencia técnica SDI,,," $6.523,17",ITS,27/5/2019
CEL-ITO-1746,Soporte IT,Cela SA,servicio de wifi evento alta gama,,," $6.285,71",ITS,9/5/2019
DAR-ITO-1747,CCTV,DAR SALUD MAR DEL PLATA S.R.L.,"colocación de 4 cámaras mas en oficinas de ciudad, 3 dias de trabajo con tres personas y aproximadamente 26 MTS DE CABLE CANAL 100X5 y una fuente para alimentación de cámaras y dvr",,," $18.225,10",ITO,30/5/2019
TCS-ITO-1751,Redes de Cableado Estructurado,TRIUNFO COOPERATIVA DE SEGUROS LIMITADA,Puestos para impresora y Soporte para Televisores,2614 54-5652,Eduardo Enriz,"usd3.276,00",ITO,17/6/2019
TCS-ITO-1754,Redes de Cableado Estructurado,TRIUNFO COOPERATIVA DE SEGUROS LIMITADA,Puesto de impresora y reubicacion de puesto de datos,2614 54-5652,Eduardo Enriz,"usd1.074,00",ITO,4/6/2019
PRO-ITO-1755,Porteria,Procon SRL,Alquiler de infraestructura de cableado estructurado,,," $250.416,19",ITO,10/6/2019
AA2-ITS-1757,Fibra Óptica,Aeropuertos Argentina 2000,Cotización tendido FO - aeropuerto de Mendoza,0261 156721863,Andres Varaschin," $1.527.679,50",ITO,23/9/2019
CEL-ITS-1759,SDI,Cela SA,mantenimiento sala de extinción de incendio (Diego Gamas),,," $9.680,50",ITS,31/7/2019
TCS-ITO-1760,CCTV,TRIUNFO COOPERATIVA DE SEGUROS LIMITADA,cámara de seguridad Triunfo seguro,2614 54-5652,Eduardo Enriz,"usd578,00",ITO,5/6/2019
CEL-ITS-1762,SDI,Cela SA,"sdi nuevo sector casino.
 100 mts caños 1"" 40 curvas 20 cajas 2 parlantes con estrobo 3 sensores bajo cielo raso mas 3 sensores térmicos 70 mts de cable incendio 150 mts de afumex de 2,5 mm",,," $145.445,00",ITO,12/8/2019
CAR-ITO-1763,Electrico,Bodega Caro,"Instalación de térmica para SDI, bodega caro",,," $1.706,00",ITO,24/6/2019
GUY-ITO-1766,Electrico,Municipalidad de Guaymallén,Adicional de 120 Luminaria led - Municipalidad de Guyamallén,0261 153029464,Director de informática: German Montenegro," $159.490,31",ITO,26/8/2019
QUI-ITO-1771,Electrico,CERVECERIA Y MALTERIA QUILMES,"cotizar tres días de trabajo con dos técnicos y un s&h para colocar dos cámaras en el galpón norte..
 El presupuesto debe ser en dos partes distintas uno con el valor de la mano de obras mas 200 mts de utp y acc. y otro con el costo de las cámaras únicamente",0261 156731825,Ricardo Secoti," $48.374,78",ITO,31/8/2019
AA2-ITS-1783,CCTV,Aeropuertos Argentina 2000,Remplazo de cableado de cámaras de CCTV,0261 156721863,Andres Varaschin,"usd4.879,86",ITO,31/7/2019
TCS-ITO-1784,Redes de Cableado Estructurado,TRIUNFO COOPERATIVA DE SEGUROS LIMITADA,Cableado de datos para antes y pacheras espejos,2614 54-5652,Eduardo Enriz," $156.459,53",ITO,19/8/2019
CAR-ITO-1785,SDI,Bodega Caro,Modificación en canalización de detección de incendio,,," $26.160,00",ITO,19/8/2019
MAZ-ITO-1788,SDI,Universidad Juan Agustín Maza,Cambio de central de detección de incendio Bosch,,," $12.000,00",ITO,19/8/2019
UDA-ITO-1792,SDI,Univercidad del Aconcagua,central de incendio a revisar (presupuesto para activar proyecto),,,"usd270,24",ITO,31/8/2019
NUC-ITS-1802,CCTV,Jose Nucete e Hijos SA,colocación de cámaras en el predio de chalet,0261 153431074,Pablo Vela," $125.000,00",ITO,12/8/2019
AA2-ITO-1809,SDI,Aeropuertos Argentina 2000,Traslado de Central de Detección de Incendio,0261 156721863,Andres Varaschin,"usd11.098,00",ITO,30/9/2019
PER-ITO-1811,SDI,Hospital A Italo Perrupato,reemplazo de 4 detectores,,," $29.710,19",ITO,23/9/2019
OBR-ITS-1816,Soporte IT,Obras SRL,Servicio de soporte mensual de infraestructura IT.,,," $11.464,88",ITS,1/10/2019
QUI-ITO-1820,CCTV,CERVECERIA Y MALTERIA QUILMES,"colocación de 5 cámaras en distintos sectores:
 1° cámara entrada camarines: 2 dias dos personas, 150mts de utp cat 6 interior accesorios para conexiones de cámaras las cuales la provee quilmes marca samsung .
 2° oficina de elaboración 2 dias dos personas, 150 mts de utp cat 6 interior accesorios para conexiones de cámaras las cuales la provee quilmes marca samsung .
 3° espacio cafetera mantenimiento: 2 dias dos personas, 180 mts de utp cat 6 interior accesorios para conexiones de cámaras las cuales la provee quilmes marca samsung .
 4° taller de mantenimiento: 2 dias dos personas, 200 mts de utp cat 6 interior accesorios para conexiones de cámaras las cuales la provee quilmes marca samsung .
 5° sector envasado: 3 dias dos personas mas un tecnico de seguridad & higinene trabajo en altura a mas de 6 mts 250 mtas de utp cat 6 interior mas accesorios para conexiones de cámaras las cuales la provee quilmes marca samsung .
 el presupuesto tiene que ser con el precio de cada cámara por separado como para hacer de una camara a la vez hasta que el convenio este cerrado.",0261 156731825,Ricardo Secoti," $152.020,17",ITO,25/11/2019
MAZ-ITO-1825,SDI,Universidad Juan Agustín Maza,Cambio de batería,,," $7.891,43",ITO,31/10/2019
CSD-ITO-1826,SDI,Cencosud,presupuesto por un dia de trabajo en relevos de sdi en supermercados vea,,," $3.715,00",ITO,30/11/2019
SUM-ITS-1829,Soporte IT,Bodegas y Viñedo Santa Elena SRL,Servicios de mantenimiento de infraestructura IT,,," $26.866,67",ITO,31/10/2019
CAR-ITO-1830,SDI,Bodega Caro,Canalización y cableado para traslado de Central de Detección de incendio,,,"usd7.159,00",ITO,15/10/2019
NUC-ITO-1831,Redes de Cableado Estructurado,Jose Nucete e Hijos SA,cableado en selectoras de aceitunas en planta 4 puestos de datos,0261 153431074,Pablo Vela," $27.652,00",ITO,15/10/2019
OBR-ITO-1833,Corrientes debiles,Obras SRL,"Implementación de redes de CE, CCTV, y TEL IP para planta de premoldeados en Pasip.",,,"usd44.481,14",ITO,1/9/2020
AA2-ITO-1834,Redes de Cableado Estructurado,Aeropuertos Argentina 2000,RED DE CABLEADO ESTRUCTURADO - NUEVO LOCAL GATE 7/24,0261 156721863,Andres Varaschin,"usd1.872,00",ITO,16/12/2019
PRO-ITO-1841,Sonido,Procon SRL,Sistema de audio para SUM edificio Mitre 6 parlante + amplificador,,,"usd534,66",ITO,30/11/2019
PRO-ITO-1844,Insumo informatico,Procon SRL,PC + MONITOR,,,"usd830,72",ITO,30/11/2019
PLU-ITO-1846,Corrientes debiles,PROCON S.R.L. - LAUGERO CONSTRUCCIONES S.A. - UNION TRANSITORIA,Logística - San Rafael,,," $200.000,00",ITO,4/11/2019
SUM-ITO-1855,Insumo informatico,Bodegas y Viñedo Santa Elena SRL,INSUMOS INFORMÁTICOS,,," $25.000,00",ITO,21/11/2019
NUC-ITO-1858,Telefonía,Jose Nucete e Hijos SA,Comodato telefónico año 2020,0261 153431074,Pablo Vela," $81.168,00",ITO,2/1/2020
MCH-ITO-1869,SDI,MARSCH SA,"Cotizar una central de incendio con 11 sensores 2 sirenas 1 pulsador provisión, montaje, y configuración mas un módulo para enviar msj )",,,"usd3.219,04",ITO,22/1/2020
MSM-ITO-1872,Insumo informatico,Municipalidad de San Martin,Cambio de batería central de incendio,0261 156188973,"Director de informática:
 Ignacio Jalif"," $9.192,56",ITO,27/1/2020
PER-ITS-1880,SDI,Hospital A Italo Perrupato,Soporte técnico . Central Notifier,,," $7.382,02",ITS,18/2/2020
LAQ-ITO-1889,Telefonía,Laboratorio Químicos S.R.L,Licencia denwa Mini o Denwa Nano,,,"usd472,00",ITO,30/4/2020
AA2-ITS-1899,SDI,Aeropuertos Argentina 2000,Servicio de Mantenimiento del sistema de detección de incendio - Aeropuerto de Mendoza,0261 156721863,Andres Varaschin," $374.736,00",ITS,30/4/2020
AA2-ITS-1900,CCTV,Aeropuertos Argentina 2000,Servicio de Mantenimiento del sistema de CCTV - Aeropuerto de Mendoza,0261 156721863,Andres Varaschin," $540.492,00",ITS,30/4/2020
NUC-ITS-1901,Soporte IT,Jose Nucete e Hijos SA,Soporte de mantenimiento,0261 153431074,Pablo Vela," $565.307,69",ITS,1/4/2020
NUC-ITO-1915,Insumo informatico,Jose Nucete e Hijos SA,insumo informática,0261 153431074,Pablo Vela," $100.000,00",ITO,27/4/2020
MMF-ITO-1924,Telefonía,Martinez Mauro Fernando,reubicacion de cableado telefónico en aeropuerto,,," $7.000,00",ITO,1/7/2020
PLU-ITO-1930,SDI,PROCON S.R.L. - LAUGERO CONSTRUCCIONES S.A. - UNION TRANSITORIA,adicional hospital Schestakow - Vinculación con helipuerto.,,," $841.271,00",ITO,30/6/2020
LEC-ITO-1935,CCTV,Finca Lecumberri SRL,Remplazo de DVR,,," $12.393,00",ITO,22/6/2020
GUY-ITS-1940,Telefonía,Municipalidad de Guaymallén,Comodato Telefónico,0261 153029464,Director de informática: German Montenegro," $1.960.125,62",ITS,20/11/2020
NUC-ITO-1946,CCTV,Jose Nucete e Hijos SA,Remplazo de cableado de de CCTV para dos cámaras,0261 153431074,Pablo Vela," $38.621,00",ITO,31/8/2020
NUC-ITO-1947,CCTV,Jose Nucete e Hijos SA,Provisión e instalación de 2 cámaras CCTV,0261 153431074,Pablo Vela," $65.523,00",ITO,11/8/2020
TCS-ITO-1948,Redes de Cableado Estructurado,TRIUNFO COOPERATIVA DE SEGUROS LIMITADA,Provisión de un puesto de datos,2614 54-5652,Eduardo Enriz," $24.995,00",ITO,11/8/2020
MOL-ITO-1951,Insumo informatico,BELLIN MOLINARO ISRAEL PABLO,Provisiones de componentes informáticos para oficina de servicios de seguros.,,," $7.658,00",ITO,5/8/2020
LSC-ITO-1956,Insumo informatico,LOS SILOS CLUB S.A.,Computadora para visualizar cámaras de CCTV,,," $54.753,33",ITO,27/8/2020
NUC-ITO-1959,Redes de Cableado Estructurado,Jose Nucete e Hijos SA,Activos de red y mejorar en el Datacenter,0261 153431074,Pablo Vela," $268.032,00",ITO,14/9/2020
DGS-ITS-1961,Soporte IT,DG Solutions,"Soporte IT para sucrusales de banco Galicia Mendoza, San Juan y San Luis.",,," $10.439.947,88",ITO,28/8/2020
NUC-ITO-1964,CCTV,Jose Nucete e Hijos SA,Sistema de CCTV,0261 153431074,Pablo Vela," $89.659,96",ITO,19/10/2020
OBR-ITS-1971,Soporte IT,Obras SRL,Proyecto de transformación digital para Planta de elaboración de premoldeados en PASiP,,," $741.127,44",ITS,26/10/2020
CAV-ITS-1972,Soporte IT,Cooperativa Alto Verde y Algarrobo Grande,Proyecto de Transformación de Digital para asesoramiento e integración de datos de gestión.,,," $741.136,12",ITS,26/10/2020
BSI-ITS-1973,Soporte IT,Bate Soluciones Integrarles,Servicio de desmonte de Suc HSBC en O.V Andrade. Círculo Médico.,,," $8.300,00",ITS,26/10/2020
LEC-ITO-1975,CCTV,Finca Lecumberri SRL,provisión de 2 cámaras de CCTV analógica  ,,," $23.406,00",ITO,31/10/2020
LSC-ITO-1982,CCTV,LOS SILOS CLUB S.A.,Servicio de soporte técnico mensual CCTV,,," $4.306,82",ITS,21/10/2020
MSM-ITO-1983,Insumo informatico,Municipalidad de San Martin,"cajas de Cable UTP, kit teclado y mouse",0261 156188973,"Director de informática:
 Ignacio Jalif"," $83.589,62",ITO,16/11/2020
CEL-ITO-1985,SDI,Cela SA,Mantenimiento de Incendio ,,," $42.510,00",ITO,2/11/2020
CAR-ITO-1988,SDI,Bodega Caro,Asistencia técnica - SDI ,,," $2.685,00",ITO,10/11/2020
QUI-ITO-1994,Insumo informatico,CERVECERIA Y MALTERIA QUILMES,Expansor de señal Hikvision,0261 156731825,Ricardo Secoti," $18.935,00",ITO,14/12/2020
CAR-ITO-1995,SDI,Bodega Caro,Mantenimiento Bodega Caro,,," $56.411,00",ITO,21/12/2020
AA2-ITO-2002,CCTV,Aeropuertos Argentina 2000,Remplazo de cableado y cámaras de CCTV ,0261 156721863,Andres Varaschin,"usd1.240,40",ITO,14/12/2020
AA2-ITO-2003,SDI,Aeropuertos Argentina 2000,"Remplazo de Detectores, módulos y actualización de Firmware ",0261 156721863,Andres Varaschin,"usd4.363,72",ITO,14/12/2020
AA2-ITO-2004,SDI,Aeropuertos Argentina 2000,amplificadores para central Notifier - SDI,0261 156721863,Andres Varaschin,"usd4.070,00",ITO,21/12/2020
DSM-ITO-2005,Insumo informatico,"Ministerio de Desarrollo Social, Salud y Deportes del Gobierno de MZA",Re funcionamiento de Data Center ,,," $457.351,22",ITO,18/1/2021
TCS-ITO-2006,Redes de Cableado Estructurado,TRIUNFO COOPERATIVA DE SEGUROS LIMITADA,Extensión de cableado dé dato y eléctrico - Isla de Legales  ,2614 54-5652,Eduardo Enriz," $51.690,00",ITO,8/1/2021
GUY-ITO-2012,Electrico,Municipalidad de Guaymallén,    Reutilización y Remodelaciòn del sistema eléctrico para Equipo informático e Instalación del cableado de red de datos según especificaciones Expte 10121DTI 2020 OC 964,0261 153029464,Director de informática: German Montenegro," $1.233.649,62",ITO,4/12/2020
PLU-ITO-2017,Insumo informatico,PROCON S.R.L. - LAUGERO CONSTRUCCIONES S.A. - UNION TRANSITORIA,Disco y módulos Jeluz para periscopio ,,," $78.840,26",ITO,22/12/2020
STU-ITO-2022,Insumo informatico,Bodegas y Viñedos Santa Elena SRL - TYGIA SRL - UTE,    Provisión de discos para servidor de aplicaciones.,,," $48.963,00",ITO,4/1/2021
LEC-ITO-2025,Redes de Cableado Estructurado,Finca Lecumberri SRL,Provisión de Rack y canalización ,,," $36.137,00",ITO,15/2/2021
NUC-ITO-2027,Insumo informatico,Jose Nucete e Hijos SA,Insumos de informática,0261 153431074,Pablo Vela," $180.306,00",ITO,29/1/2021
PER-ITS-2029,SDI,Hospital A Italo Perrupato,Servicio Técnico,,," $8.264,46",ITS,25/1/2021
KRI-ITO-2031,Corrientes debiles,Kristich Desarrollos," TORRES DEL MARQUÉS - SDI, CCTV, PORTERIA",,,"usd68.010,58",ITO,1/2/2021
AA2-ITO-2032,Insumo informatico,Aeropuertos Argentina 2000,Disco Duro 4TB,0261 156721863,Andres Varaschin,"usd210,00",ITO,2/2/2021
CEL-ITO-2034,SDI,Cela SA,Actualización de equipamiento de SDI ,,," $24.655,00",ITO,31/3/2021
CEL-ITS-2035,SDI,Cela SA,Soporte técnico SDI ,,," $66.565,00",ITS,31/3/2021
NAT-ITO-2037,Porteria,NATANIA COOP DE VIVIENDA CONSUMO Y CREDITO LTDA,Sistema de portería - Natania,,,"usd32.297,46",ITO,11/2/2021
MSM-ITO-2038,Insumo informatico,Municipalidad de San Martin,10 patchcord sc-lc monomodo y 3 botellones de 24 fibra,0261 156188973,"Director de informática:
 Ignacio Jalif"," $47.963,64",ITO,18/2/2021
PLU-ITO-2039,Insumo informatico,PROCON S.R.L. - LAUGERO CONSTRUCCIONES S.A. - UNION TRANSITORIA, 32 módulos Jeluz para periscopio,,," $14.428,38",ITO,18/2/2021
HCL-ITO-2040,Insumo informatico,Hospital Central,Sistema para sirena con parlante con control remoto ,,," $34.893,39",ITO,31/3/2021
LEC-ITO-2041,Redes de Cableado Estructurado,Finca Lecumberri SRL,Mantenimiento de torre y provisión de equipo para enlace,,," $50.457,00",ITO,22/3/2021
UCO-ITS-2042,Soporte IT,CONSTRUCCIONES ELECTROMECANICAS DEL OESTE S.A. - OHA CONSTRUCCIONES S.,Prestación de servicios IT en Obrador de proyecto Carcel Federal de Mendoza.,,," $4.306,82",ITS,2/3/2021
NUC-ITO-2044,Soporte IT,Jose Nucete e Hijos SA,Soporte de mantenimiento IT ,0261 153431074,Pablo Vela," $729.560,00",ITO,30/4/2021
UCO-ITS-2042,Insumo informatico,CONSTRUCCIONES ELECTROMECANICAS DEL OESTE S.A. - OHA CONSTRUCCIONES S.,SSD y Memoria ram 8GB,,," $22.555,00",ITS,5/3/2021
MSM-ITO-2038,Fibra Óptica,Municipalidad de San Martin,Fusión de fibra óptica ,0261 156188973,"Director de informática:
 Ignacio Jalif"," $19.820,50",ITO,19/4/2021
FCR-ITO-2052,SDI,FLEXCOLOR,Sistema de detección de incendio ,,,"usd14.026,89",ITO,30/4/2021
MSM-ITO-2054,Insumo informatico,Municipalidad de San Martin,Jack Cat.5e y faceplate,0261 156188973,"Director de informática:
 Ignacio Jalif"," $13.965,86",ITO,31/5/2021
PRO-ITO-2056,Corrientes debiles,Procon SRL,corrientes débiles RTO,,," $1.961.300,12",ITO,6/4/2021
PER-ITO-2057,Telefonía,Hospital A Italo Perrupato,Cableado telefónico ,,," $524.272,72",ITO,30/4/2021
CAM-ITO-2062,Insumo informatico,Camer SA,PC + Monitor,,,"usd1.623,00",ITO,17/4/2021
SUM-ITO-2063,Insumo informatico,Bodegas y Viñedo Santa Elena SRL,Disco Duro,,," $11.811,00",ITO,20/4/2021
CAM-ITO-2065,Insumo informatico,Camer SA,Placa de video para daniel moreno,,,"usd1.118,00",ITO,20/4/2021
MUN-ITO-2066,Enlace,Municipalidad de Tupungato,Provisión de torre y equipamiento ,,," $3.061.989,75",ITO,31/5/2021
CEL-ITS-2068,SDI,Cela SA,Asistencia técnica SDI,,," $76.135,00",ITS,10/5/2021
ECI-ITS-2071,Telefonía,Estudio Correa Cremaschi,Puesta en servicio central telefónica ,,," $6.390,00",ITS,1/6/2021
PER-ITO-2072,Telefonía,Hospital A Italo Perrupato,"40 teléfono analógico Panasonic KX-TS500 AG, color negro	",,," $150.674,98",ITO,13/5/2021
PLU-ITO-2080,Insumo informatico,PROCON S.R.L. - LAUGERO CONSTRUCCIONES S.A. - UNION TRANSITORIA,"75 chapas para módulos jeluz verona 
25 chapas de datos",,," $37.218,75",ITO,19/5/2021
NUC-ITO-2085,Soporte IT,Jose Nucete e Hijos SA,enlace punto a punto entre nucete y Chalet,0261 153431074,Pablo Vela," $19.989,12",ITO,28/5/2021
PRO-ITO-2086,Insumo informatico,Procon SRL,Mouse inalámbrico,,," $6.534,00",ITO,30/6/2021
HFM-ITO-2092,SDI,Fuente Mayor SA,Sistema de detección de incendio - Hotel Fuente Mayor de Tunuyán,,," $1.637.597,00",ITO,8/6/2021
OBR-ITO-2097,Soporte IT,Obras SRL,Computadora + monitor 22 + UPS,,," $40.000,00",ITO,17/6/2021
PRO-ITO-2102,SDI,Procon SRL,"Remplazo de detector, asistencia técnica y provisión de llaveros mifare ",,," $15.703,00",ITO,1/7/2021
AA2-ITO-2108,Fibra Óptica,Aeropuertos Argentina 2000,Fusión de 24 pelos de fibra óptica ,0261 156721863,Andres Varaschin," $11.394,47",ITO,31/8/2021
AMM-ITO-2109,Insumo informatico,Andrea Molina,scanner Kodak,,," $44.048,00",ITO,29/7/2021
GUY-ITO-2111,Redes de Cableado Estructurado,Municipalidad de Guaymallén, cableado de datos y CCTV para Vivero de la municipalidad de Guaymallén ,0261 153029464,Director de informática: German Montenegro," $3.811.120,75",ITO,30/7/2021
OBR-ITO-2112,Insumo informatico,Obras SRL,Servidor,,," $140.276,00",ITO,30/7/2021
KRI-ITO-2114,Corrientes debiles,Kristich Desarrollos,Cableado Estructurado  - Casino Fuente Mayor de San Martin ,,," $17.430.932,00",ITO,1/9/2021
KET-ITO-2215,Redes de Cableado Estructurado,Kamet,Cableado Estructurado,02622 15531774,Diego Sierra," $500.000,00",ITO,29/10/2021
AA2-ITO-2116,Fibra Óptica,Aeropuertos Argentina 2000,Remplazo de cámaras de CCTV,0261 156721863,Andres Varaschin,"usd314,00",ITO,30/9/2021
CAR-ITO-2117,SDI,Bodega Caro,Provision de sirena en perimetro Exterior,,," $38.521,00",ITO,26/8/2021
PRO-ITO-2118,Insumo informatico,Procon SRL,PC de oficina + disco SSD,,," $44.081,00",ITO,27/8/2021
SCH-ITO-2120,Telefonía,HOSPITAL TEODORO SCHESTAKOW,Teléfonos IP ,,," $111.495,85",ITO,29/10/2021
HFM-ITO-2123,Fibra Óptica,Fuente Mayor SA,Tendido de Fibra Óptica MM OM3 ,,," $335.441,00",ITO,10/9/2021
FTP-ITO-2125,SDI,FIDEICOMISO TORRE PELLEGRINI,Sistema de detección de incendio,,," $1.721.817,62",ITO,9/9/2021
MSM-ITO-2126,Insumo informatico,Municipalidad de San Martin,    30 Porta bastidor universal para cablecanal; 30 Faceplate 4 puertos,0261 156188973,"Director de informática:
 Ignacio Jalif"," $20.269,08",ITO,9/9/2021
AFP-ITO-2133,SDI,Administración Federal de Ingresos Públicos,sdi sede central,,," $97.642,97",ITO,28/9/2021
AA2-ITS-2134,CCTV,Aeropuertos Argentina 2000,Servicio de Mantenimiento del sistema de CCTV - Aeropuerto de Mendoza,0261 156721863,Andres Varaschin," $941.376,00",ITS,29/9/2021
CEL-ITS-2138,SDI,Cela SA,Mantenimiento de SDI,,," $89.970,00",ITS,1/12/2021
MUN-ITO-2141,Enlace,Municipalidad de Tupungato,    Instalación de enlace para camping municipal ,,," $1.092.726,12",ITO,1/11/2021
MSM-ITO-2151,Insumo informatico,Municipalidad de San Martin,crimpeadora furukawa,0261 156188973,"Director de informática:
 Ignacio Jalif"," $13.211,01",ITO,30/11/2021
SCH-ITO-2152,Telefonía,HOSPITAL TEODORO SCHESTAKOW,    Puesta en marcha trama SIP central Telefónica ,,," $68.827,35",ITO,25/10/2021
MUN-ITO-2153,Insumo informatico,Municipalidad de Tupungato,Activos de red,,," $138.702,09",ITO,30/11/2021
MSM-ITO-2154,Insumo informatico,Municipalidad de San Martin,Fusiones de fibra,0261 156188973,"Director de informática:
 Ignacio Jalif"," $12.390,00",ITO,28/10/2021
CSM-ITS-2155,Soporte IT,CAMARA DE COMERCIO INDUSTRIA Y AGRICULTURA DE SAN MARTIN,Servicios de soporte IT para evento,,," $15.000,00",ITS,1/11/2021
PRO-ITO-2156,Soporte IT,Procon SRL,Asistencia Técnica CONSORCIO TORRE DELFINA,,," $11.180,00",ITS,1/11/2021
MSM-ITO-2163,Insumo informatico,Municipalidad de San Martin,Insumo de informática ,0261 156188973,"Director de informática:
 Ignacio Jalif"," $40.712,59",ITO,30/12/2021
RAC-ITO-2166,Porteria,RAC SRL,Control de acceso para edifico de Natania,,," $150.633,66",ITO,16/11/2021
MSM-ITO-2167,Insumo informatico,Municipalidad de San Martin,"Glc Drop Flat 2core Sm Port Acero
",0261 156188973,"Director de informática:
 Ignacio Jalif"," $14.406,28",ITO,17/11/2021
LSC-ITO-2169,CCTV,LOS SILOS CLUB S.A.,Cámara de CCTV - Los Silo,,," $30.843,89",ITO,19/11/2021
PRO-ITO-2174,SDI,Procon SRL,SDI Aeropuerto de San Juan,,," $16.267.543,00",ITO,30/12/2021
MSM-ITO-2175,Insumo informatico,Municipalidad de San Martin,Glc Conector Sc/upc Sm Mecánico,0261 156188973,"Director de informática:
 Ignacio Jalif"," $645,00",ITO,6/12/2021
GUY-ITO-2176,Fibra Óptica,Municipalidad de Guaymallén,Adicional Fibra óptica Vivero - M de Guaymallén,0261 153029464,Director de informática: German Montenegro," $370.612,84",ITO,8/12/2021
AA2-ITS-2179,CCTV,Aeropuertos Argentina 2000,Cámaras de CCTV,0261 156721863,Andres Varaschin,"usd596,00",ITO,23/12/2021
SCH-ITO-2181,Telefonía,HOSPITAL TEODORO SCHESTAKOW,Licencia de central telefónica,,," $70.877,95",ITO,29/12/2021
NUC-ITO-2186,Redes de Cableado Estructurado,Jose Nucete e Hijos SA,"Cableado y cambio de equipo para enlace",0261 153431074,Pablo Vela," $13.326,00",ITO,7/2/2022
DSM-ITO-2189,Telefonía,"Ministerio de Desarrollo Social, Salud y Deportes del Gobierno de MZA",Provisión de Central Denwa Mini,,," $300.337,81",ITO,10/2/2022
NUC-ITO-2190,CCTV,Jose Nucete e Hijos SA,Cableado para cámara de CCTV,0261 153431074,Pablo Vela," $14.960,54",ITO,10/2/2022
NUC-ITS-2194,Soporte IT,Jose Nucete e Hijos SA,Soporte de mantenimiento IT ,0261 153431074,Pablo Vela," $1.024.000,00",ITS,2/5/2022
EPR-ITS-2197,Soporte IT,EPRE - ENTE PROVINCIAL REGULADOR ELECTRICO,Servicios de consultoría integral para sistema de información,,," $230.000,00",ITS,16/2/2022
CAR-ITO-2198,SDI,Bodega Caro,"Mantenimiento Anual",,," $95.039,00",ITS,3/3/2022
NUC-ITO-2199,Redes de Cableado Estructurado,Jose Nucete e Hijos SA,Provisión e instalación de AP,0261 153431074,Pablo Vela," $31.556,00",ITO,18/2/2022
MCH-ITO-2212,SDI,MARSCH SA,Mantenimiento de Sistema de deteccion de incendio,,," $48.038,00",ITO,25/2/2022
PRO-ITO-2216,Soporte IT,Procon SRL,EDIFICIO MITRE - SOPORTE TECNICO,,," $6.569,00",ITS,11/3/2022
SCH-ITO-2217,SDI,HOSPITAL TEODORO SCHESTAKOW,Asistencia tecnica y remplazo de baterias,,," $36.467,91",ITO,14/3/2022
NUC-ITO-2219,Insumo informatico,Jose Nucete e Hijos SA,Servidor para nucete - La Rioja,0261 153431074,Pablo Vela," $1.522.278,00",ITO,17/3/2022
PRO-ITO-2224,Insumo informatico,Procon SRL,Computadora de escritorio,,," $32.000,00",ITO,4/4/2022
LMA-ITO-2225,Corrientes debiles,Luna Maya,Sitema de corriente debiles ,0261 154545652,Eduardo Enriz,"usd19.770,60",ITO,25/7/2022
AA2-ITS-2228,CCTV,Aeropuertos Argentina 2000,M. de CCTV - Aeropuerto San Luis,0261 156721863,Andres Varaschin," $107.235,78",ITO,8/4/2022
PRO-ITO-2230,Redes de Cableado Estructurado,Procon SRL,"Puesto de datos para obrador",,," $70.038,00",ITO,14/4/2022
ENE-ITO-2231,SDI,Energe SA,SDI - Galpones,,,"usd37.117,00",ITO,1/2/2023
MSM-ITO-2233,Insumo informatico,Municipalidad de San Martin,Conectores Lc/pc Sm Mecanica,0261 156188973,"Director de informática:
 Ignacio Jalif"," $2.907,69",ITO,21-04-2022
MSM-ITO-2234,Insumo informatico,Municipalidad de San Martin,Provision de rack mural,0261 156188973,"Director de informática:
 Ignacio Jalif"," $122.433,17",ITO,21/4/2022
GAM-ITO-2236,SDI,Gamas,"Edificio Thays - Panel Remoto",,," $82.436,32",ITO,28/4/2022
KET-ITO-2241,Redes de Cableado Estructurado,Kamet,reubicacion de puesto de datos,02622 15531774,Diego Sierra," $31.016,00",ITO,16/5/2022
AA2-ITO-2242,SDI,Aeropuertos Argentina 2000,"SDI - Balizamiento - Aeropuerto de Tucuman
",0261 156721863,Andres Varaschin,"usd12.270,00",ITO,10/5/2022
INT-ITO-2244,Fibra Óptica,Inta,"Tendido de fibra óptica y UTP",,," $190.589,84",ITO,16/5/2022
MSM-ITO-2247,Insumo informatico,Municipalidad de San Martin,Insumo de red,0261 156188973,"Director de informática:
 Ignacio Jalif"," $124.442,98",ITO,19/5/2022
SUM-ITO-2250,Insumo informatico,Bodegas y Viñedo Santa Elena SRL,"Insumo informatica",,," $5.615,00",ITO,24/5/2022
AA2-ITO-2242,SDI,Aeropuertos Argentina 2000,"Insumo de SDI - Aeropuerto de Mendoza",0261 156721863,Andres Varaschin,"usd2.385,00",ITO,26/5/2022
HFM-ITS-2257,SDI,Fuente Mayor SA,"Soporte técnico, central detección de incendio",,," $40.950,00",ITO,30/5/2022
MSM-ITO-2262,Insumo informatico,Municipalidad de San Martin,"Insumos de red",0261 156188973,"Director de informática:
 Ignacio Jalif"," $67.342,44",ITO,6/6/2022
NUC-ITO-2269,Insumo informatico,Jose Nucete e Hijos SA,Servidor de Backup,0261 153431074,Pablo Vela," $133.962,00",ITO,14/6/2022
OBR-ITO-2271,Soporte IT,Obras SRL,"Computadora completa",,," $146.517,00",ITO,16/6/2022
PRO-ITO-2274,SDI,Procon SRL,Canalización sistema de detección de deteccion de incendio,,," $4.394.438,00",ITO,21/6/2022
MGC-ITO-2275,Redes de Cableado Estructurado,Municipalidad de godoy Cruz,"Cableado estructurado - Ex comisaria",,," $2.063.311,38",ITO,22/6/2022
MSM-ITO-2276,Electrico,Municipalidad de San Martin,"Sistema de Energía eléctrica ininterrumpida, detección de incendios y control de acceso en datacenters",0261 156188973,"Director de informática:
 Ignacio Jalif"," $10.518.522,32",ITO,1/3/2023
PRO-ITO-2281,Soporte IT,Procon SRL,"Soporte tecnico - edificio Mitr
",,," $12.317,00",ITO,5/7/2022
SCH-ITO-2282,Telefonía,HOSPITAL TEODORO SCHESTAKOW,"Provisión de 10 telefonos IP
",,," $104.153,70",ITO,5/7/2022
AA2-ITO-2283,SDI,Aeropuertos Argentina 2000,"Búsqueda y reparación pérdida red de incendio
",0261 156721863,Andres Varaschin,"usd3.982,00",ITO,6/7/2022
MSM-ITO-2285,Insumo informatico,Municipalidad de San Martin,"insumo de informatica
",0261 156188973,"Director de informática:
 Ignacio Jalif"," $210.457,84",ITO,26/7/2022
ITC-ITO-2287,Fibra Óptica,ITC,"Despliegue FTTH Y Ultima Milla",,," $565.390,00",ITO,29/7/2022
KET-ITO-2292,Redes de Cableado Estructurado,Kamet,"Traslado de rack",02622 15531774,Diego Sierra," $22.698,00",ITO,3/8/2022
HFM-ITS-2296,SDI,Fuente Mayor SA,Reparación de central de Incendio - Hotel de Tunuyan,,," $71.641,55",ITO,11/8/2022
ALL-ITO-2297,SDI,Allex SA,"Cambio de central",,,"usd427,50",ITO,11/8/2022
OBR-ITO-2299,Telefonía,Obras SRL,"10 Telefonos IP",,," $130.210,00",ITO,17/8/2022
HFM-ITS-2300,SDI,Fuente Mayor SA,Corrientes Debiles - Hotel de la terminal,,,"usd10.506,00",ITO,1/8/2023
CEL-ITS-2301,SDI,Cela SA,Soporte técnico SDI ,,," $130.845,00",ITS,31/8/2022
BOE-ITO-2306,SDI,Bodela la Esmeralda,"Sistema de deteccion de Incendio",,," $18.233.117,01",ITO,8/9/2022
AA2-ITO-2307,CCTV,Aeropuertos Argentina 2000,"Insumo de CCTV",0261 156721863,Andres Varaschin,"usd3.861,90",ITO,8/9/2022
GAN-ITO-2308,SDI,Gani SA,"Cambio de central",,,"usd427,50",ITO,9/9/2022
SCH-ITS-2309,SDI,HOSPITAL TEODORO SCHESTAKOW,Soporte tecnico,,," $50.690,10",ITS,14/9/2022
AA2-ITS-2322,CCTV,Aeropuertos Argentina 2000,Servicio de Mantenimiento del sistema de CCTV - Aeropuerto de Mendoza,0261 156721863,Andres Varaschin," $1.810.488,00",ITS,5/10/2022
GUY-ITO-2323,telefonía,Municipalidad de Guaymallén,Venta de central telefonica,0261 153029464,Director de informática: German Montenegro," $6.215.917,00",ITO,11/10/2022
PER-ITS-2324,SDI,Hospital A Italo Perrupato,"Asistencia tecnica SDI",,," $23.097,48",ITS,12/10/2022
PRO-ITO-2326,Redes de Cableado Estructurado,Procon SRL,CE y SDI - Terminal de San Martin,,," $11.583.496,00",ITO,14/10/2022
VLD-ITO-2328,SDI,DIRECCION PROVINCIAL DE VIALIDAD DE MENDOZA,"PROYECTO RED DE INCENDIO PARA LA SEDE ADMINISTRATIVA DEL 4º DISTRITO",,," $1.237.750,31",ITO,20/10/2022
MSM-ITO-2330,Insumo informatico,Municipalidad de San Martin,"Insumos de cable canal",0261 156188973,"Director de informática:
 Ignacio Jalif"," $8.565,12",ITO,26/10/2022
CSM-ITS-2331,Soporte IT,CAMARA DE COMERCIO INDUSTRIA Y AGRICULTURA DE SAN MARTIN,"Servicio de infraestructura WIFI para evento
",,," $48.750,00",ITS,28/10/2022
MSM-ITO-2333,Insumo informatico,Municipalidad de San Martin,"2 Camaras Web y 2 Lector de barra",0261 156188973,"Director de informática:
 Ignacio Jalif"," $151.531,52",ITO,26/10/2022
OBR-ITO-2334,Soporte IT,Obras SRL,"Puesta en servicios de control de asistencia en planta.",,," $228.150,00",ITO,1/11/2022
AA2-ITS-2335,SDI,Aeropuertos Argentina 2000,Servicio de Mantenimiento del sistema de detección de incendio - Aeropuerto de Mendoza,0261 156721863,Andres Varaschin," $959.280,00",ITS,27/10/2022
HLG-ITS-2337,Soporte IT,HOSPITAL LUIS LAGGOMAGGIORE,LICITACIÓN PUBLICA CONTRATACION PROYECTO DE CABLEADO RED INFORMÀTICA TOTAL DEL HOSPITAL,,," $1.231.980,38",ITS,28/10/2022
GUY-ITO-2339,Insumo informatico,Municipalidad de Guaymallén,"provisión de SFP",0261 153029464,Director de informática: German Montenegro," $230.912,94",ITO,3/11/2022
GUY-ITO-2340,CCTV,Municipalidad de Guaymallén,"Sistema de Barrera para ingreso de auto",0261 153029464,Director de informática: German Montenegro," $8.149.918,18",ITO,1/3/2023
NUC-ITO-2341,Insumo informatico,Jose Nucete e Hijos SA,"CPU para coco y CPU para vigilancia",0261 153431074,Pablo Vela," $234.044,00",ITO,9/11/2022
KET-ITO-2343,Redes de Cableado Estructurado,Kamet,"Cableado Estructurado",02622 15531774,Diego Sierra,"usd15.245,12",ITO,11/11/2022
CNS-ITO-2345,SDI,Canandes SA,"Equipos de SDI",,,"usd1.243,00",ITO,15/11/2022
GAN-ITO-2346,SDI,Gani SA,Baterias y UPS para central de deteccion de incendio,,," $31.303,00",ITO,15/11/2022
SCH-ITS-2354,SDI,HOSPITAL TEODORO SCHESTAKOW,"Mantenimiento de deteccion de incendio",,," $167.731,91",ITO,15/12/2022
PRO-ITO-2355,Soporte IT,Procon SRL,"Soporte tecnico Edificio Mitre",,," $8.797,00",ITS,16/12/2022
HEA-ITS-2359,Soporte IT,Headcomm S.A,"Visita tecnica para obra",,," $22.037,00",ITS,30/1/2023
GUY-ITO-2361,Soporte IT,Municipalidad de Guaymallén,Soporte tecnico telefonia,0261 153029464,Director de informática: German Montenegro," $784.534,06",ITS,3/2/2023
NUC-ITO-2364,CCTV,Jose Nucete e Hijos SA,"Remplazo de fuente, conector y Balun",0261 153431074,Pablo Vela," $6.469,00",ITO,8/2/2023
NUC-ITO-2365,CCTV,Jose Nucete e Hijos SA,"Remplazo de 2 camaras de CCTV",0261 153431074,Pablo Vela," $32.020,00",ITO,8/2/2023
KRI-ITO-2366,SDI,Kristich Desarrollos,"Hotel fuente Mayor Mendoza - 2 detectores de humo con base y soporte técnico SDI",,," $121.978,56",ITO,13/2/2023
ALG-ITO-2368,SDI,Bodega Antigal,"SDI - Bodega ANTIGAL",,,"usd28.462,00",ITO,15/2/2023
CEL-ITS-2370,SDI,Cela SA,Soporte técnico SDI ,,," $192.945,00",ITO,24/2/2023
PRO-ITO-2373,Insumo informatico,Procon SRL,"insumo de informatica",,," $9.240,00",ITO,8/3/2023
KET-ITO-2378,Redes de Cableado Estructurado,Kamet,cableado estructurado para oficinas calle Alberdi,02622 15531774,Diego Sierra,"usd4.620,90",ITO,14/3/2023
PRO-ITO-2373,SDI,Procon SRL,"Adicional Aeropuerto DF Sarmiento",,," $269.764,50",ITO,22/3/2023
OBR-ITO-2383,Insumo informatico,Obras SRL,"CPU + Disco externo",,," $558.265,00",ITO,27/3/2023
PRO-ITO-2384,CCTV,Procon SRL,"Cámara de CCTV para edificio Mitre",,," $478.066,00",ITO,27/3/2023
FCR-ITS-2385,SDI,FLEXCOLOR,"Mantenimiento SDI",,," $88.480,00",ITS,28/3/2023
MAZ-ITO-2386,SDI,Universidad Juan Agustín Maza,Baterias 12V 7A,,," $16.600,00",ITO,28/3/2023
EQA-ITO-2388,Redes de Cableado Estructurado,Eqalq SRL,"Provisión e instalación de rack y AP",,," $495.937,00",ITO,31/3/2023
GAM-ITO-2390,SDI,Gamas,"Instalacion de detector de humo",,,"usd1.554,00",ITO,3/4/2023
PRO-ITO-2394,SDI,Procon SRL,SDI Aeropuerto DF Sarmiento - Adicional Detección Manga Móvil,,," $218.960,00",ITO,13/4/2023
PRO-ITO-2396,CCTV,Procon SRL,"soporte tecnico CCTV",,," $8.891,00",ITO,14/4/2023
AFP-ITO-2399,CCTV,AFIP,Soporte tecnico de CCTV,0261 155168132,Cecilia Mendoza," $7.407,43",ITO,19/4/2023
PRO-ITO-2402,Insumo informatico,Procon SRL,Disco duro NAS 12TB,,," $150.000,00",ITO,30/4/2023
PRO-ITO-2408,SDI,Procon SRL,AA2000 San Juan - Arreglo de barrera de humo,,," $83.015,38",ITO,4/5/2023
CEL-ITS-2409,SDI,Cela SA,Soporte técnico SDI ,,," $235.839,31",ITS,4/5/2023
LMA-ITO-2416,Redes de Cableado Estructurado,Luna Maya,"Cableado de 2 puestos dobles provisorios",0261 154545652,Eduardo Enriz," $93.359,28",ITO,16/5/2023
BOE-ITO-2417,SDI,Bodela la Esmeralda,Adicional - Detector de humo,,,"usd370,00",ITO,16/5/2023
GAM-ITO-2419,SDI,Gamas,SDI - Local Comercial N°11 -COMPLEJO PLANTA UNO,,,"usd3.447,00",ITO,17/5/2023
PEX-ITO-2422,Redes de Cableado Estructurado,Premix SA,"Cableado Estructurado oficinas",02622 15531774,Diego Sierra,"usd17.311,00",ITO,13/6/2023
AA2-ITO-2431,SDI,Aeropuertos Argentina 2000,"Insumos de SDI",0261 156721863,Andres Varaschin,"usd9.308,00",ITO,3/7/2023
FON-CSP-2433,Internet,Fondo para la transformación y el Crecimiento de Mendoza (FTyC),Prestación de servicio de Internet compartido 20MB x 24 meses.,,," $86.582,25",CSP,2/5/2023
PEX-ITO-2444,Redes de Cableado Estructurado,Premix SA,"Segunda Etapa - Cableado Estructurado Salón comercial
•	27 puestos de trabajo 
•	Vinculo de fibra óptica entre Data Center y rack de salón comercial ",,,"usd4.527,21",ITO,1/8/2023
AA2-ITO-2448,Insumo informatico,Aeropuertos Argentina 2000,Provisión y remplazo de disco duro para DVR,0261 156721863,Andres Varaschin,"usd2.930,00",ITO,9/8/2023
NAT-ITO-2450,Control de acceso ,NATANIA COOP DE VIVIENDA CONSUMO Y CREDITO LTDA,Provisión e instalación de Cerradura Inteligente Con Huella Dactilar Tarjetas - Para Duplex,,,"usd713,00",ITO,10/8/2023
EQA-ITO-2451,Insumo informatico,EQALQ S.R.L.,Provisión de computadora de oficina,,,"usd3.438,00",ITO,10/8/2023
PJU-ITO-2454,Tableros Eléctricos para Circuitos de Informática ,Poder judicial mendoza ,"Remodelación de Tableros Eléctricos para Circuitos de Informática - Edificio II - San Martín
•     Armado de 8 tableros eléctricos iguales utilizando gabinetes IP65 de 120 bocas como estructura principal y gabinetes secundarios de 10 bocas para funciones auxiliares.
          o        Cada tablero incluye:
          o        4 pilotos luminosos verdes para señalización.
          o        4 bases portafusibles DIN con fusibles incluidos.
          o        2 interruptores termomagnéticos bipolares de 16A.
          o        1 interruptor termomagnético bipolar de 20A.
          o        1 interruptor termomagnético tetrapolar de 20A.
          o        1 interruptor termomagnético tetrapolar de 63A como protección general.
          o        1 interruptor diferencial bipolar de 25A / 30 mA tipo super inmunizado.
          o        1 limitador de sobretensión tetrapolar y 1 bipolar.",,,"usd89.509,18",ITO,23/8/2023
MSM-ITO-2455,Insumo de cableado estructurado ,Municipalidad de Gral San Martín,Insumo de cableado estructurado ,,,"usd2.622,00",ITO,25/8/2023
EQA-ITO-2456,Implementación de Cuenta de Correo y Carpeta Compartida ,EQALQ S.R.L.,"Implementación de Cuenta de Correo y Carpeta Compartida 
•	Configuración de una carpeta personal y compartida en Google Drive exclusiva para su empresa.
•	Diseño de una estructura de carpetas lógica y fácil de navegar, adaptada a las necesidades de la empresa.
•	Definición de permisos de acceso para garantizar la seguridad de los archivos y la información sensible.
•	Carga inicial de documentos importantes en la carpeta compartida.
•	Explicación de uso y funciones de las herramientas de google al personal de la empresa.",,,"usd288,00",ITO,25/8/2023
MSM-ITO-2457,Insumo informatico,Municipalidad de Gral San Martín,Provisión de Scanner,,,"usd1.627,00",ITO,25/8/2023
DSM-ITO-2458,Redes de Cableado Estructurado,"Ministerio de Desarrollo Social, Salud y Deportes del Gobierno de Mendoza","Cableado Estructurado, para el Nuevo edificio Casa de la Salud de la Mujer, provincia de Mendoza. 
•	43 (cuarenta y tres) puestos simple Cat.6 LSZH para datos 
•	18 (dieciocho) puestos simples Cat.6 LSZH para telefonía. 
•	4 (cuatro) racks murales de 9U
•	Tendido de 4 fibras monomodo para interconexión de rack
•	4 (cuatro) bandejas de Fibra ópticas
•	4 (cuatro) switch administrable de 24 bocas, 2 SFP+
•	4 (cuatro) UPS tipo Tower",,,"usd31.385,00",ITO,29/8/2023
AA2-ITO-2464,Sistema de Detección de Incendio - Sets de Balizamiento ,Aeropuertos Argentina 2000,"Instalación y Montaje de Sistema de Detección de Incendios en Balizamiento principal, Norte, Sur y Área de Mantenimiento
•        Central de detección de incendio Notifier NFS-320-SP - Cantidad: 3 unidades
•        Placa de Red Notifier NC-NCM-SF - Cantidad: 3 unidades
•        Detector de humo Notifier FSP-951 + base B501 - Cantidad: 3 unidades
•        Detector termicovolumétrico Notifier FST-951 + base B501 - Cantidad: 3 unidades
•        Avisador manual Notifier NBG-12LSP + módulo FMM-101 - Cantidad: 3 unidades
•        Sirena c/estrobo System Sensor P2R + módulo FCM-1 - Cantidad: 3 unidades
•        Parlantes con estrobo Notifier SPSCWL + módulo FCM-1 - Cantidad: 3 unidades
•        Tendido de fibra óptica monomodo de 12 hilos hasta balizamientos para armado de nodos 
•        Canalización galvanizada y cableado para equipamiento de detección de incendio ",,,"usd83.439,69",ITO,8/9/2023
FT-ITO-2470,Mantenimiento Sistema de Detección de Incendio ,FIDEICOMISO TORRE PELLEGRINI ,Servicio de Mantenimiento del sistema de detección de incendio - Torre Pellegrini,,,"usd470,00",ITO,15/9/2023
SCH-ITO-2474,Soporte técnico para el sistema de Telefonía,HOSPITAL TEODORO SCHESTAKOW,Soporte tecnico para central telefonica Denwa PRO ,,,"usd220,00",ITO,21/9/2023
CEL-ITO-2474,Mantenimiento Sistema de Detección de Incendio ,Cela SA,Soporte técnico SDI - Hotel Sheraton de Mendoza,,,"usd1.120,00",ITO,25/9/2023
CSM-ITO-2478,Soporte IT ,Cámara de Comercio Industria y Agricultura de San Martin,"Servicio de conectividad para Evento Empretón
",,,"usd350,00",ITO,27/9/2023
AA2-ITS-2481,Mantenimiento del Sistema de CCTV ,Aeropuertos Argentina 2000,Servicio de Mantenimiento del sistema de CCTV - Aeropuerto de Mendoza,0261 156721863,Andres Varaschin,"usd9.672,00",ITS,25/9/2023
PPR-ITS-2482,Proyecto de corrientes débiles,PISPER S. A.,"Realización de la documentación de ingeniería de un conjunto de sistemas de corrientes débiles para la Construcción Vivienda Multifamiliar Emilio Civit N° 75, ciudad de Mendoza.
   •   Sistema de Cableado Estructurado
   •   Sistema de Portería y Control de Acceso
   •   Sistema de CCTV",,,"usd3.280,00",ITS,2/10/2023
MSM-ITO-2487,Insumo informatico,Municipalidad de Gral San Martín,Provisión DE Kit teclado y mouse USB,,,"usd855,00",ITO,30/10/2023
KRI-ITO-2500,Cableado Estructurado,Kristich Desarrollos,"Implementación de Sistema de Portería y CCTV, para complejo de departamentos del Marqués: 
   •    1 (un) frente de Portero IP
   •    31 (treinta un) Estaciones de interior para los departamentos 
   •    4 (cuatro) Switch PoE para alimentación de equipamiento 
   •    1 (DVR) de 16 canales 
   •    13 (trece) cámaras analógicas 
   •    1 (un) rack mural con canal de tensión y UPS
   •    Tendido de cableado 
   •    Configuración y puesta en marcha de los sistemas ",,,"usd37.141,00",ITO,1/12/2023
SCH-ITO-2502,Telefonía,HOSPITAL TEODORO SCHESTAKOW,Licencia de central telefónica,,,"usd707,00",ITO,20/12/2023
AA2-ITS-2503,SDI,Aeropuertos Argentina 2000,Servicio de Mantenimiento del sistema de detección de incendio - Aeropuerto de Mendoza,0261 156721863,Andres Varaschin,"usd3.672,00",ITS,21/12/2023
LMA-ITO-2504,Sistema de portería IP,Luna Maya,"Sistema de portería IP, Bodega Sur de los Andes",,,"usd1.240,00",ITO,21/12/2023
AA2-ITS-2507,Sistema de CCTV ,Aeropuertos Argentina 2000,"provisión, montaje y puesta en marcha de un Sistema de Video Cámaras de Seguridad o C.C.T.V. para el sector de mostradores de cobros de parking, del aeropuerto de Mendoza	",,,"usd5.942,00",ITO,8/1/2024
ADM-ITO-2514,Insumo de cableado estructurado ,Administración Tributaria Mendoza (ATM),Insumo de cableado estructurado ,,,"usd648,00",ITO,25/1/2024
MWC-ITO-2521,Cableado Estructurado,Martinez Wajchman Construcciones SRL,"Cableado de datos Categoria 6 para local de Farmacia, ubicado en el Aeropuerto de Mendoza ",,,"usd3.204,00",ITO,5/2/2024
GUY-SWF-2522,Software a medida.,Municipalidad de Guaymallén,Alojamiento y Mantenimiento de la Página WEB del Municipio de Guaymallén,,," $7.937.193,50",OTR-999,5/2/2024
LMA-ITO-2524,Cableado Estructurado,Luna Maya,"Cableado de datos y provisión y configuración de Access Point para Suite, Bodega Sur de los Andes",,,"usd293,00",ITO,6/2/2024
CEL-ITO-2527,Mantenimiento Sistema de Detección de Incendio ,Cela SA,Soporte técnico trimestral del Sistema de Detección de Incendio - Hotel Sheraton de Mendoza,,,"usd1.120,00",ITO,20/2/2024
GUY-ITS-2536,Soporte IT,Municipalidad de Guaymallén,Soporte tecnico Anual para el Sistema de telefonia,0261 153029464,Director de informática: German Montenegro," $784.534,06",ITS,6/3/2024
CMO-ITO-2537,Tendido de Fibra óptica,CODIGO COMERCIAL,Tendido de Fibra óptica,,,"usd357,00",ITO,14/3/2024
AA2-ITO-2543,Sistema de CCTV ,Aeropuertos Argentina 2000,"Provisión, montaje de las Cámaras de Seguridad o C.C.T.V. para el sector de oficina en planta alta y el pañol, del aeropuerto de Mendoza",0261 156721863,Andres Varaschin,"usd1.449,00",ITO,5/4/2024
PER-ITS-2546,Soporte IT,Hospital A Italo Perrupato ,Soporte técnico del Sistema de Detección de Incendio ,,,"usd341,00",ITS,15/4/2024
CEL-ITO-2549,Mantenimiento Sistema de Detección de Incendio ,Cela SA,Soporte técnico trimestral del Sistema de Detección de Incendio - Hotel Sheraton de Mendoza,,,"usd1.120,00",ITO,24/4/2024
NUC-ITO-2562,Sistema de CCTV ,Jose Nucete e Hijos SA,Recableado de ocho (8) cámaras de CCTV en la fabrica de Jose Nucete e Hijos SA,,,"usd1.640,00",ITO,21/5/2024
NUC-ITO-2567,Sistema de CCTV ,Jose Nucete e Hijos SA,"Provisión e instalación de sistema de CCTV para oficina, en la finca ubicada en la provincia de San Juan ",,,"usd1.550,00",ITO,25/6/2024
AFP-ITS-2574,Mantenimiento Sistema de Detección de Incendio ,AFIP,"Servicios de mantenimiento preventivo y correctivo
  •   Sede San Martin, provincia de Mendoza 
  •   Sede de San Luis ",,,"usd4.150,00",ITS,3/7/2024
PER-ITS-2576,Soporte IT,Hospital A Italo Perrupato ,Reparación de central de detección de incendio,,,"usd825,00",ITS,22/7/2024
FMN-ITO-2581,Cableado Estructurado,FUESMEN - Fundación Escuela Medicina Nuclear,"Cableado Estructurado, para el Hospital General Las Heras, del departamento de Tupungato de la provincia de Mendoza
   •    45 (cuarenta y cinco) puestos simples para datos Categoría 6 LSZH
   •    25 (veinticinco) puestos dobles de datos Categoría 6 LSZH
   •    1 (un) racks de 40U de 1000 mm
   •    4 (cuatro) racks murales de 15U de 500 mm
   •    Tendido de anillo de Fibra óptica monomodo de 12 hilos entre los racks instalados   
   •    Canalización y cableado para los puestos de trabajo 
   •    2 (dos) Switch de 24 puertos Gb POE, y 4 puertos SFP+
   •    2 (dos) Switch de 48 puertos Gb POE, y 4 puertos SFP+
   •    2 (dos) Switch de 24 puertos Gb, y 2 puertos SFP+
   •    2 (dos) puntos de acceso (AP) 
   •    4 (cuatro) UPS tipo Tower 1100VA
   •    1 (una) UPS Online rackeable de 3KVA",,,"usd89.184,00",ITO,30/7/2024
FMN-ITO-2587,Cableado Estructurado,FUESMEN - Fundación Escuela Medicina Nuclear,"Cableado Estructurado, para el Hospital DR. Luis Chrabalowski, de Uspallata de la provincia de Mendoza
    •    33 (treinta y tres) puestos simples para datos Categoría 6 LSZH
    •    1 (un) rack mural de 15U de 500 mm
    •    Canalización y cableado para los puestos de trabajo ",,,"usd23.088,00",ITO,19/8/2024
DSM-ITS-2590,Telefonía,"Ministerio de Desarrollo Social, Salud y Deportes del Gobierno de MZA",Licencia de central telefónica,,,"usd533,00",ITS,4/9/2024
HEA-ITO-2609,Cableado Estructurado,Headcomm S.A,"Cableado de datos para el Mayorista Yaguar de las Sucursal Mendoza y San Juan 
   •    Cableado de 16 puestos de datos categoría 6 (6 estándar + 10 para AP)
   •    Provisión e instalación de cañería secundaria 
   •    Tendido de fibra óptica monomodo de 12 hilos entre racks
   •    Provisión de Rack mural 12U con canal de tensión (5 tomas)
   •    Provisión de ODF y fusionado de Fibra óptica ",,,"usd3.109,00",ITO,9/10/2024
AA2-ITO-2610,Sistema de Control de Acceso ,Aeropuertos Argentina 2000,"instalación de 3 (tres) controles de acceso con cerradura electromagnética en los sectores de Pañol, Taller y Oficina pkg",,,"usd2.140,00",ITO,9/10/2024
FTP-ITS-2613,Mantenimiento Sistema de Detección de Incendio ,FIDEICOMISO TORRE PELLEGRINI ,Servicio de Mantenimiento del sistema de detección de incendio - Torre Pellegrini,,,"usd460,00",ITO,17/10/2024
FMN-ITO-2616,Cableado Estructurado,FUESMEN - Fundación Escuela Medicina Nuclear,,,,,,